:020000040801F1
:10000000F0180020CD00010839500108692F0108BF
:1000100000000000000000000000000000000000E0
:10002000000000000000000000000000C9510108AD
:1000300000000000000000009150010891520108EA
:10004000DF00010800000000DF000108DF000108F8
:10005000DF000108DF000108DF000108DF00010800
:10006000000000005D0401086D0401084D04010852
:10007000DF00010869530108DF00010800000000EB
:10008000B1530108DF000108DF000108195301081E
:10009000DF000108DF000108DF0001086D2F010803
:1000A000DF000108DF000108DF000108555B0108DF
:1000B000DF000108395C01080348854600F0B4F907
:1000C00000480047D55E0108F0180020044880472A
:1000D00004480047FEE7FEE7FEE7FEE7FEE7FEE72F
:1000E00015530108B900010830B50B460146002040
:1000F0002022012409E00D46D5409D4205D31D462E
:100100009540491B2546954040191546521E002D25
:10011000F1DC30BD70B500242546002801DA012449
:100120004042002901DA01254942FFF7DDFFAC42D8
:1001300000D04042002C00D0494270BD03460B4322
:100140009B0703D009E008C9121F08C0042AFAD28D
:1001500003E00B780370401C491C521EF9D2704713
:10016000D2B201E00270401C491EFBD2704700224F
:10017000F6E710B513460A4604461946FFF7F0FFA6
:10018000204610BD30B504460020034600E05B1C4D
:10019000934203D2E05CCD5C401BF8D030BDF8B593
:1001A00002464A40D40F42004B0052085B089A4274
:1001B00002D20246084611464A0023D0C30D4A0027
:1001C000DDB2120EAD1A202D35DA49020126490A98
:1001D000F6058A19002C00D0524220214F1B1146EF
:1001E000B9402A411018C20D9A4221D0002C17D0D4
:1001F000012D08DCDA05801AD20F8019D207DBB294
:1002000000F0D8F8F8BDDA05801A012340001B067B
:10021000C01880185A428018CA0F1043490007E0DE
:100220004908C2071143DA05801A8019400880186E
:1002300000F0B8F8F8BD61000122511A001BF7E781
:100240000122D2075140AAE70122D2075040A6E777
:10025000024670B54A40D30FDB0740002DD04A005C
:100260002AD0010E140E000212020919400A520A85
:100270008418E50104465443000A120A2E04504330
:10028000A4194219200CC543AA18120C0125AD036C
:10029000521C521912047F39240400D0521C1043FE
:1002A00001D44000491EC2B20C06C0092018401CEF
:1002B0004008802A02D003E0002070BD40084000C2
:1002C000002900DA0020184370BD70B502464A408C
:1002D000D50F40004A00ED0740085208002814D00E
:1002E000002A12D0C40DD30D41020120C0055202D4
:1002F000490A520AE41A091812187D34914201D3AE
:10030000641C00E04900002C01DA002070BD0023CD
:10031000914201D3891A0343400849000028F7D1CC
:1003200000290AD0914202D10121C90705E091427A
:1003300001D2012101E00121C943E005C0184019A3
:1003400000F030F870BD10B500229623114600F081
:1003500031F810BD410040020122400AD205090EC9
:1003600080187F2901DA00207047962903DC962245
:10037000511AC84070479639884070470122D20709
:10038000002800DB101A002900DB511A8142704757
:100390000122D207002800DB101A002900DB511AC5
:1003A00088427047002904DA401C490001D1400806
:1003B0004000704770B40024050C05D110240004DF
:1003C00002D1002921D01124050E01D100020834E8
:1003D000050F01D10001241D850F01D18000A41C4F
:1003E000002801DB4000641C002908D020252E1BBA
:1003F0000D46F540A14000D00121294308430106E4
:100400001B1B000ADB1D02D5002070BC7047DB05FA
:10041000181880180029F8DA401C4900F5D170BC82
:100420004008400070470000064C0125064E05E0DC
:10043000E36807CC2B430C3C98471034B442F7D305
:10044000FFF73EFE44B8010864B8010810B5024841
:1004500000F06EFE10BD00002C04002010B5024814
:1004600000F066FE10BD00001803002010B5034820
:1004700000F05EFE024800F05BFE10BD7403002039
:10048000D003002070B50446206C80088000094924
:10049000401860642178084608381421FFF724FECC
:1004A000054604488030A064E906C90E0120884052
:1004B000E06470BD0008024002799106890E4A1E70
:1004C0009200064BD2180265044A403242654A1E29
:1004D00093079B0F01229A408265704700090240F2
:1004E00070B504460120C002844201DBFF2070BDCC
:1004F00003F0D0F9A02003F0DDF803F06DF8002838
:1005000003D003F0E3F9FF20F1E7201203F0D2F863
:1005100003F062F8002803D003F0D8F9FF20E6E7E3
:10052000E0B203F0C7F803F057F8002803D003F057
:10053000CDF9FF20DBE703F0ADF9A12003F0BAF815
:1005400003F04AF8002803D003F0C0F9FF20CEE7FB
:1005500003F060F80546012003F08CF803F0B6F9CB
:100560002846C4E770B504460D460120C002844207
:1005700001DB012070BD03F08DF9A02003F09AF893
:1005800003F02AF8002803D003F0A0F90120F1E7D6
:10059000201203F08FF803F01FF8002803D003F0B7
:1005A00095F90120E6E7E0B203F084F803F014F8CF
:1005B000002803D003F08AF90120DBE7284603F086
:1005C00079F803F009F8002803D003F07FF901203F
:1005D000D0E703F07BF90A2000F09AFE0020C9E77B
:1005E00070B59748807A012878D100250026944874
:1005F000407A022800DA70BD9148407A801E81B2AC
:100600008F48BF3804F064FB05468D48407A801E51
:100610008B49BF39085C02028948407A401E085C59
:10062000101886B203F090F9B5427CD18548008855
:10063000854908808248C0388078202878D008DC36
:1006400002280DD005281BD0072848D008286CD1D7
:1006500057E036287CD0372869D03828F7D1B3E066
:10066000EC20FFF73DFF7649C0390870087805F0A7
:10067000BFFA05F0A3FA0021714841728172D5E0FA
:10068000EC20FFF72DFF6E49C039497888421ED112
:100690006B48C038C078002816DD6948C038C0787B
:1006A000FF2811DC6648C038C178EC20FFF75AFFFC
:1006B000EC20FFF715FF6249C0390870052160483A
:1006C000BF3805F087FA02E0AA2005F091FA05F09C
:1006D00075FA00215A4841728172A7E0AEE004F039
:1006E00027F904F003F904F013F908215448BF383E
:1006F00005F070FA05F062FA0021514841728172EA
:1007000094E004F00DF904F0E7F804F0F9F808219A
:100710004B48BF3805F05EFA05F050FA0021484812
:100720004172817282E088E002E07EE010E02DE01C
:10073000EC20FFF7D5FE4249C0394978884206D1FE
:1007400000213F48C0300175C820404908706DE065
:10075000EC20FFF7C5FE3A49C0394978884214D1E8
:1007600001203B4908700121A120FFF7FBFE00207A
:1007700004F08EF808213248BF3805F02BFA05F056
:100780001DFA00212E48417281724FE0EC20FFF7E4
:10079000A7FE2B49C0394978884214D100202C4942
:1007A00008700021A120FFF7DDFE002004F070F8A2
:1007B00008212348BF3805F00DFA05F0FFF90021A4
:1007C0001F484172817231E00024EC20FFF788FE5F
:1007D0001B49C0394978884226D1002005E01849D4
:1007E000BF390A5CCA310A54401C0628F7DB184896
:1007F000017813480B300171062104F069FA0446B0
:100800002046E117090E091809040A0E0C490B319C
:100810008A710846C471082105F0DCF905F0CEF9AB
:10082000002107484172817200E000BF00BF05F05F
:10083000C5F9002102484172817200BF00BFDAE6AB
:10084000130A0020080000200200002006000020FB
:100850003D00002072B600BFFEE70000F0B58DB08D
:10086000002400200C9000270B900A90099000BFF4
:100870000C980C9008A801790171FB48807A002837
:1008800001D10DB0F0BDF848407A022800DAF8E74F
:10089000F548407A801E81B2F348BF3804F018FA58
:1008A0000B90F148407A801EEF49BF39085C020284
:1008B000ED48407A401E085C101880B20A900A99F0
:1008C0000B9888427ED1E9480088E9490880EC20ED
:1008D000FFF706FEE449C03949788842F2D1E24880
:1008E000C038807812286ED010DC07286CD006DC67
:1008F00001281CD0032822D0062866D1A0E00828B1
:100900007ED010287DD01128F7D1B9E1202879D0E8
:1009100006DC132877D0142876D01528EDD1B5E25F
:10092000362872D0372871D03828E6D126E3042043
:10093000D04908700121CC48C030C17449E3CA488D
:10094000C038C0780002C849C03909790843089006
:10095000C548C03840790002C349C0398979084385
:1009600007900898089007980790BF48C038077903
:10097000002600BF282F03DBAA2005F039F95EE02E
:10098000BD480078012806D1B7490B31384604F03C
:1009900055FB064605E0B4490B31384603F07EFAB4
:1009A0000646002E41D11422B44902A8FFF7C6FB27
:1009B000AD48C038017868460172AB48C03801794B
:1009C000684603E006E3A2E18DE001E3C172A648B8
:1009D000C17A68460173A4480B3041786846417378
:1009E000A1480B308178684681739F480B30C178ED
:1009F0006846C173082102A804F06AF9054606E0BA
:100A00007DE088E080E2B3E1F9E189E29FE22846F7
:100A1000E917090E091809040A0E69460A744D748B
:100A20000A2102A805F0D6F804E004218E480B3014
:100A300005F0D0F8C8218C480B30FFF798FBC8E2CE
:100A40008948C03807798C480078012826D1282F9A
:100A500001DA042F03DAAA2005F0CAF842E00025E3
:100A6000002600200890089808907F4DBB3D3E4628
:100A70002946304603F058F80890052000F048FC5D
:100A800004212846FFF773FB2946304604F0D6FAC6
:100A900008900A21281F05F09DF823E0282F03DB8A
:100AA000AA2005F0A5F81DE00025002600BF6E4D28
:100AB000BB3D2946384603F0F1FE04212846FFF7E6
:100AC00056FB2946384603F0E9F90646002E03D0C6
:100AD000AB2005F08DF804E00A216348BF3805F02B
:100AE00079F800BF75E203F023FF03F0FFFE03F087
:100AF0000FFF08215C48BF3805F06CF869E203F08D
:100B00000FFF03F0E9FE03F0FBFE08215648BF3853
:100B100005F060F85DE25448C038C07800025249E0
:100B2000C0390979084308904F48C038407900021D
:100B30004D49C03989790843079000264A48C03892
:100B4000857908980890079807904748C038067933
:100B500049480078012845D1282E01DA042E03DA0D
:100B6000AA2005F045F87EE03F48B93806900020FD
:100B700005900FE0059A9300069A9918059AB21805
:100B8000D0B202F0D1FF052000F0C2FB0598401C56
:100B9000C0B20590E917890F49198A1005998A4250
:100BA000E8DC002005900CE0059A9300069A99185D
:100BB000059AB218D0B204F041FA0598401CC0B2B0
:100BC0000590E917890F49198A1005998A42EBDCCB
:100BD0002548C0388079014608312348BF3804F0E1
:100BE000F9FF40E0282E03DBAA2005F001F83AE0E7
:100BF0001D48B9380690002005900CE0059A930036
:100C0000069A9918059AB218D0B203F047FE0598D3
:100C1000401CC0B20590E917890F49198A1005993F
:100C20008A42EBDC002005900CE0059A9300069ABE
:100C30009918059AB218D0B203F030F90598401C03
:100C4000C0B20590E917890F49198A1005998A429F
:100C5000EBDC0548C0388079014608310248BF38CE
:100C600004F0B8FF00BFB4E1130A00200800002020
:100C700002000020840000203D000020E4B40108B0
:100C8000002600BF00200790089004900590069071
:100C90000025112168460177E921417735218177C7
:100CA0006E21C177142408E02046143807AA115C8D
:100CB0002046FFF757FC601CC4B21C2CF4DBCA486A
:100CC000417868460174C8488178684641741424A4
:100CD00008E02046FFF704FC2146123904AA5054CC
:100CE000601CC4B21C2CF4DB0A2104A803F0F0FF42
:100CF00005462846E917090E091809040A0E69462F
:100D00008A76CD760C2104A804F064FF61E100200E
:100D1000089008980890002520216846FFF727FAD8
:100D20000026B148417868460170AF48817868462E
:100D3000417000BF07E02846FFF7D2FB6A46A91CB6
:100D40005054681CC5B2102DF5DB1221684603F023
:100D5000BFFF06463046F117090E091809040A0EAE
:100D600069468A74CE741421684604F033FF30E17A
:100D7000002600BF00200790089004900590069080
:100D80000025072168460177E921417735218177E0
:100D90006E21C177282408E02046283807AA115C74
:100DA0002046FFF7DFFB601CC4B2302CF4DB8E481A
:100DB0004178684601748C488178684641742824DB
:100DC00008E02046FFF78CFB2146263904AA505440
:100DD000601CC4B2302CF4DB0A2104A803F078FFB5
:100DE00005462846E917090E091809040A0E69463E
:100DF0008A76CD760C2104A804F0ECFEE9E000260A
:100E000000BF0020079008900490059006900025F0
:100E1000142168460177E9214177352181776E21D8
:100E2000C1773C2408E020463C3807AA115C2046E4
:100E3000FFF798FB601CC4B2442CF4DB6A4841788D
:100E40006846017468488178684641743C2408E02B
:100E50002046FFF745FB21463A3904AA5054601C4E
:100E6000C4B2442CF4DB0A2104A803F031FF054688
:100E70002846E917090E091809040A0E69468A76F8
:100E8000CD760C2104A804F0A5FEA2E00020089075
:100E900008980890002520216846FFF768F9002689
:100EA00000BF08E0A81C504A521C115C2846FFF7FE
:100EB00059FB681CC5B2102DF4DB4B4841786846DD
:100EC00001704948817868464170002507E028464E
:100ED000FFF706FB6A46A91C5054681CC5B2102DCA
:100EE000F5DB1221684603F0F3FE06463046F117A3
:100EF000090E091809040A0E69468A74CE74142171
:100F0000684604F067FE64E0002138480175C82097
:100F10003749087000203749087003F009FD58E090
:100F2000EC20FFF7DDFA3049497888420ED10120E4
:100F3000314908700121A120FFF714FB002003F0C4
:100F4000A7FC08212848401C04F044FE41E0EC20A6
:100F5000FFF7C6FA2449497888420ED10020264975
:100F600008700021A120FFF7FDFA002003F090FC9B
:100F700008211D48401C04F02DFE2AE00025EC202D
:100F8000FFF7AEFA18494978884220D1002005E0E1
:100F90001549491C0A5CCA310A54401C0628F7DB73
:100FA000154801781148B5380171062103F090FE0B
:100FB00005462846E917090E091809040A0E0B49C7
:100FC000B5398A710846C571082104F003FE00E0B6
:100FD00000BF00BF04F0F2FD00210348C0304172A1
:100FE000817200BF4DE4000053090020D30A0020A5
:100FF00006000020200000203D00002001460029BE
:1010000001D1012070472520405C022808D004202F
:10101000C86300BF00222420425400BF0120F1E732
:10102000086800680E2290430A681060486C0068E7
:10103000FF22013290434A6C106008680068400843
:1010400040000A681060124840681C230A6C1A406D
:101050000123934018430E4A50608A6CC86C50605C
:10106000086D002809D0086D0068FF220132904306
:101070000A6D10604A6D886D50600122252042542F
:1010800000BF00222420425400BF0020BAE7000025
:101090000000024070B5044600252520005D0228AE
:1010A00003D00420E06301253AE0206800680E21A7
:1010B0008843216808602068006840084000216873
:1010C0000860606C0068FF2101318843616C086032
:1010D000144840681C22216C114001228A401043B0
:1010E00010494860A16CE06C4860206D002809D070
:1010F000206D0068FF2101318843216D0860616D1A
:10110000A06D486001212520015500BF0021242049
:10111000015500BFA06B002802D02046A16B884774
:10112000284670BD0000024001462520405C704703
:1011300070B5044645480568206806681C20216C87
:101140000140042088402840002820D0042030405E
:1011500000281CD02068006820210840002805D104
:101160002068006804218843216808603748406887
:101170001C22216C114004228A40104333494860EC
:10118000206B002860D02046216B88475CE01C2043
:10119000216C0140022088402840002828D00220ED
:1011A0003040002824D02068006820210840002812
:1011B00008D1206800680A2188432168086001215D
:1011C00025200155214841681C22206C1040022234
:1011D000824011431D48416000BF00212420015579
:1011E00000BFE06A00282FD02046E16A88472BE044
:1011F0001C20216C0140082088402840002823D072
:101200000820304000281FD0206800680E21884345
:10121000216808600D4841681C22206C10400122A2
:1012200082401143094841600120E06301212520EB
:10123000015500BF00212420015500BF606B00282C
:1012400002D02046616B884770BD0000000002405C
:1012500010B50446002C01D1012010BD2A4A216896
:10126000881A1421FEF740FF800020640221252007
:101270000155206800682549084021680860E16838
:10128000A06808432169084361690843A1690843CC
:10129000E1690843216A0843216809680843216815
:1012A00008602046FFF7EEF801218903A068884214
:1012B00001D10020606020798006800E616C08609A
:1012C000A16CE06C4860606800280CD0606804285D
:1012D00009D82046FFF7F0F80020216D0860616D05
:1012E000A06D486003E0002020656065A0650020D7
:1012F000E06301212520015500BF00212420015574
:1013000000BF0020A9E70000080002400F80FFFF97
:1013100070B5044600F00EF906462546681C002804
:1013200002D0054800782D1800BF00F003F9801B9B
:10133000A842FAD370BD00009800002070B50346A3
:101340000A460021D7E001268E4014683440002C64
:1013500073D01579AD07AD0F012D04D01579AD0708
:10136000AD0F022D18D198684E000325B5400646F2
:10137000AE4330464E00D568B54028439860586863
:1013800001258D400646AE4330461026556835404F
:101390002D098D40284358601579AD07AD0F032DF9
:1013A0000BD0D8684E000325B5400646AE43304604
:1013B0004E009568B5402843D8601579AD07AD0F4C
:1013C000022D15D1CD08AE001D462035A8594D0778
:1013D000EE0E0F25B5400646AE4330464E07F60EDC
:1013E0001569B5402843CD08AD001E462036705122
:1013F00018684E000325B5400646AE4330461579C1
:10140000AD07AD0F4E00B5402843186003263604E3
:1014100055683540002D6DD03A4D8E08B600A8595C
:101420008D07EE0E0F25B5400646AE433046052526
:101430002D07AB4202D1002510E05BE0324DAB42FC
:1014400001D101250AE0314DAB4201D1022505E071
:101450002F4DAB4201D1032500E005258E07F60E86
:10146000B5402843274D8E08B600A851254D603D54
:1014700028680546A54328460126360555683540A7
:10148000002D02D00546254328461E4D603D2860AC
:1014900068680546A5432846012676055568354007
:1014A000002D02D0054625432846164D603D686054
:1014B000144D203568680546A54328460126760464
:1014C00055683540002D02D00546254328460D4D70
:1014D0002035686028680546A5432846012636045D
:1014E00055683540002D02D0054625432846054D58
:1014F00020352860491C1568CD40002D00D022E71A
:1015000070BD000060180240000400500008005048
:10151000000C0050024613690B40002B01D0012043
:1015200000E000207047002A01D0816100E0816264
:1015300070470000014800687047000090000020DC
:1015400070477047F8B504462068856920680668CA
:10155000FF2001302840000A00280BD080203040B6
:10156000C009002806D0606C0121084360640802AD
:101570002168C861012080022840800A00280BD021
:1015800080203040C009002806D0606C0821084344
:101590006064C8012168C861012040022840400AF7
:1015A00000280BD080203040C009002806D0606C95
:1015B00002210843606408022168C861676C0B203F
:1015C0003840002803D03946204601F0B7FDF8BD69
:1015D00070B504462068856920680668606B00283D
:1015E00004D0324629462046636B984770BD704749
:1015F000704770477047000070B50446002C01D159
:10160000012070BD184821680860184821680860EA
:101610002168606848602168A0688860FFF78AFFD9
:1016200005460CE0FFF786FF401B312807D92068EC
:10163000C0684007400F002801D00320E1E7206880
:10164000C0684007400F0028ECD120680169E068BD
:10165000814203D02168E068086102E00448216803
:1016600008600020CDE70000CCCC000055550000FC
:10167000AAAA0000014602480A68106000207047CC
:10168000AAAA0000034800680349097840180149E4
:1016900008607047900000209800002010B50024DA
:1016A00008480068FF21013108430649086003200B
:1016B00000F00AF8002801D0012401E000F034F81D
:1016C000204610BD00200240F8B50446002513480E
:1016D000007800281ED0114801787D20C000FEF758
:1016E00003FD074639460E480068FEF7FDFC064636
:1016F00000F0D2FD00280BD1042C07D20022214695
:10170000401E00F045F80748046004E0012502E0AF
:10171000012500E001252846F8BD000098000020C2
:101720009C0000209400002008B500BF0E4800680F
:10173000012108430C49086008460068C007C00F33
:10174000009000BF00BF00BF07484038C06B89054C
:10175000084305494039C8630846C06B090408407E
:10176000009000BF00BF08BD4010024001460029A4
:1017700009DB00BF00BFCB06DB0E01229A40034B02
:101780001A6000BF00BF00BF7047000000E100E02A
:1017900070B504460D4616462946204604F024FB43
:1017A00070BD000070B5044611480068032149026D
:1017B000884320430E4908604815844216D10D49DC
:1017C00009680622514308460B49FEF78DFC451C6B
:1017D00005E0002D01D06D1E01E0032070BD04481E
:1017E00040690121890208408842F2D00020F5E7D3
:1017F000007000409C00002040420F00FEB50446EF
:1018000000270020029001214904206808408842F6
:101810007BD1002001907748C06BC90208400028A6
:101820000ED100BF7348C06B08437249C8630846B5
:10183000C06B09040840009000BF00BF0120019068
:101840006D480068FF21013108436B490860FFF7CC
:1018500071FE064606E0FFF76DFE801B022801D9E7
:10186000032706E064480068FF2101310840002892
:10187000F1D000BF002F4BD15E484030C569032135
:1018800009020D40002D1AD0A069A84217D059486E
:101890004030C0698843054656484030C069012140
:1018A0000904084353494031C8610846C069012111
:1018B000090488434F494031C8610846C561E807BB
:1018C000C00F002813D0FFF735FE064607E0FFF7EC
:1018D00031FE801B4949884201D9032706E045486B
:1018E0004030C069022108400028F0D000BF002F1E
:1018F0000CD140484030C069032109028843A169E6
:1019000008433C494031C86103E00DE0029700E024
:1019100002970198012806D13648C06B01210907BA
:1019200088433449C86300BF2078C007C00F00282F
:1019300009D0304840304069800880006168084321
:101940002C4940314861022120680840022809D111
:101950002848403040690C218843A1680843254944
:101960004031486120212068084020280AD12148C0
:1019700040304069032109038843E16808431D4959
:10198000403148610121890320680840884213D111
:101990001848403040698000800861690843154953
:1019A0004031486109066069884205D11148C06824
:1019B000891308430F49C8600121C9022068084003
:1019C000884215D10B484030406903218903884380
:1019D0002169084307494031486101218903206991
:1019E000884205D10348C068890008430149C8609E
:1019F0000298FEBD001002400070004088130000F5
:101A000070B504460D46002C01D1012070BD6B4815
:101A100000684007400FA84218D268480068C00814
:101A2000C000284365490860FFF784FD064607E0CB
:101A3000FFF780FD801B6249884201D90320E5E75A
:101A40005E4800684007400FA842F1D1022120689B
:101A50000840022815D1042120680840042807D135
:101A60005848806807210903884340185549886011
:101A7000544880680F2109028843A16808435149EE
:101A800088602078C007C00F002854D06068012803
:101A900008D14C48006801214904084000282ED193
:101AA0000120B3E76068022808D146480068012198
:101AB00049060840002822D10120A7E760680028D5
:101AC00008D140480068012189020840002816D149
:101AD00001209BE76068032808D13A484030006A3B
:101AE0000221084000280AD101208FE73548403004
:101AF000C06902210840002801D1012086E7314851
:101B00008068C008C000616808432E498860FFF7FC
:101B100011FD064607E0FFF70DFD801B28498842AE
:101B200001D9032072E7274880683821084061689E
:101B3000C9008842EFD1214800684007400FA84201
:101B400018D91E480068C008C00028431B49086017
:101B5000FFF7F0FC064607E0FFF7ECFC801B184996
:101B6000884201D9032051E7144800684007400F1C
:101B7000A842F1D1042120680840042808D1114866
:101B80008068072109038843E16808430D4988609C
:101B900000F03AF80B4989680F2212021140090A35
:101BA0008900094A515CC906C90EC8400749086046
:101BB00007480068FFF788FD28E700000020024082
:101BC000881300000010024038B501089C00002076
:101BD0009400002001480068704700009C0000202D
:101BE00000B5FFF7F7FF0649896807221203114085
:101BF000090B8900034A515CC906C90EC84000BDE3
:101C00000010024078B50108FEB5354880683821DB
:101C1000084000280DD13248006809020840C10A76
:101C20000120884000902F480099FEF75DFA044695
:101C300054E02B48806838210840082801D12A4CFC
:101C40004CE02748806838210840102834D12448C7
:101C5000C0688607B60F2248C06870210840000996
:101C6000401C0190022E0FD0032E0CD11E4801996A
:101C7000FEF73AFA1A49C9687F2212021140090A8E
:101C8000484305460DE000BF16480199FEF72CFABF
:101C90001349C9687F2212021140090A48430546C8
:101CA00000BF00BF0E48C068400F471C3946284699
:101CB000FEF71AFA044611E0094880683821084006
:101CC000202801D1840209E00548806838210840B5
:101CD000182802D17D24240200E000242046FEBD05
:101CE000001002400024F40000127A00FEB5044601
:101CF000002C01D10120FEBD2078C007C00F0028B4
:101D00006FD0F748876838210F40C0688607B60F44
:101D1000102F01D1032E01D0082F0BD1F0480068FD
:101D200001214904084000285BD06068002858D190
:101D30000120E0E700BF012109046068884205D165
:101D4000E74800680843E649086021E005210904E6
:101D5000606888420ED1E248006801218904084386
:101D6000DF49086008460068012109040843DC498E
:101D700008600DE0DA480068012109048843D84969
:101D8000086008460068012189048843D449086036
:101D900000BF6068002812D0FFF7CCFB054606E0C4
:101DA000FFF7C8FB401B642801D90320A3E7CC48F8
:101DB00000680121490408400028F1D011E0FFF734
:101DC000B9FB054606E0FFF7B5FB401B642801D9C7
:101DD000032090E7C2480068012149040840002818
:101DE000F1D1022120680840022873D1BC488068E4
:101DF000382108400746BA48C0688607B60F102F3A
:101E000001D1022E01D0002F36D1B5480068012142
:101E100089020840002804D0E068002801D1012090
:101E200069E7AF4840687F21090288436169090278
:101E30000843AB494860002F16D1084600680721C7
:101E4000C902884321690843A5490860084600681B
:101E50000722D2021040C20A012090400146A14848
:101E6000FEF742F9A0490860A0480068FFF72CFC83
:101E7000002849D001203EE7E06800282BD0984890
:101E800000680721C9028843216908439449086012
:101E9000084600688915084391490860FFF74AFB26
:101EA000054606E0FFF746FB401B022801D9032048
:101EB00021E78B4800680121890208400028F1D001
:101EC000874840687F210902884361690902084305
:101ED0008349486018E082480068FF210131884347
:101EE0007F490860FFF726FB054606E0FFF722FB67
:101EF000401B022801D90320FDE679480068012132
:101F0000890208400028F1D10821206808400828EB
:101F100049D1734880683821084018280BD170488F
:101F20004030006A0221084000283CD0A069002807
:101F300039D10120DFE6A06900281AD06848403076
:101F4000006A01210843664940310862FFF7F2FA4E
:101F5000054606E0FFF7EEFA401B022801D90320F0
:101F6000C9E65F484030006A022108400028F1D0ED
:101F700019E05B484030006A400840005849403151
:101F80000862FFF7D7FA054606E0FFF7D3FA401BD1
:101F9000022801D90320AEE651484030006A0221F0
:101FA00008400028F1D104212068084004287CD191
:101FB000002001904A4880683821084020280BD131
:101FC00047484030C0690221084000286ED0A06810
:101FD00000286BD101208EE64148C06B010F012023
:101FE0008843002810D000BF3D48C06B012109077D
:101FF00008433B49C8630846C06B09040840009089
:1020000000BF00BF0120019039480068FF21013165
:102010000840002816D13648006808433449086053
:10202000FFF788FA054606E0FFF784FA401B02280E
:1020300001D903205FE62E480068FF2101310840E6
:102040000028F1D000BFA068012808D12448403002
:10205000C0690121084322494031C86120E0A068DD
:1020600005280FD11E484030C069042108431C498F
:102070004031C8610846C069012108431849403110
:10208000C8610DE016484030C06941084900144855
:102090004030C161C0690421884311494031C861A1
:1020A00000BFA068002816D001E040E03EE0FFF746
:1020B00041FA054607E0FFF73DFA401B0D4988420B
:1020C00001D9032017E606484030C06902210840C4
:1020D0000028F0D01EE0FFF72DFA054614E00000BE
:1020E000001002400024F4009C0000209400002016
:1020F0000070004088130000FFF71CFA401B624983
:10210000884201D90320F6E56048C06902210840F1
:102110000028F1D10198012808D15C484038C06BF3
:1021200001210907884359494039C86300BFE06964
:1021300000285AD055484038806838210840102877
:102140007AD0E069022851D1504840380068012116
:10215000090688434D4940390860FFF7EBF9054609
:1021600006E0FFF7E7F9401B022801D90320C2E58A
:102170004648403800680121490608400028F0D14F
:10218000616A206A0843A16A09020843E16A0843B8
:10219000216B08433D494039C9683D4A1140084315
:1021A0003A494039C86008460068012109060843D9
:1021B0003649403908600846C06809040843334975
:1021C0004039C860FFF7B6F9054606E0FFF7B2F9F7
:1021D000401B022801D903208DE52C4840380068B7
:1021E0000121490608400028F0D04AE0274840383D
:1021F0000068012109068843244940390860FFF737
:1022000099F9054606E0FFF795F9401B022801D928
:10221000032070E51D484038006801214906084048
:102220000028F0D119484038C0681A4908401749B9
:102230004039C86025E0FFE7E069012800D15AE590
:1022400012484038C668B107890F206A814216D10A
:1022500070203040616A884211D17F2000023040F6
:10226000A16A090288420AD11F2040043040E16A75
:10227000884204D1710F4907206B814201D00120AF
:1022800039E5002037E500008813000040100240C7
:102290008C80C11FFCFFFEEF70B504462546681E0A
:1022A0000949884201D901200CE0681E07494861AC
:1022B0000321081F03F098FD0020044988610720CE
:1022C0000861002070BD0000FFFFFF0000E000E09B
:1022D00030B502460B4600BF3C20805C012801D18E
:1022E000022030BD01253C20855400BF02253D2041
:1022F00085541068416810688468184D1068A842B9
:1023000006D10F252D050846A8430146586801430C
:1023100070250846A84301461868014310684160CB
:102320000E4D1068A84207D00D4D1068A84203D08A
:102330000C4D1068A84207D180252046A8430446CA
:10234000986804431068846001253D20855400BFCF
:1023500000253C20855400BF0020C2E7002C01402E
:10236000000400400040014010B50446002C01D19B
:10237000012010BD3D20005D002805D100213C203A
:102380000155204600F026F802213D200155211D6F
:10239000206803F031F801214820015500BF3E209C
:1023A00001553F2001554020015541200155422053
:1023B00001554320015500BF00BF44200155452071
:1023C0000155462001554720015500BF3D200155CC
:1023D0000020CEE738B504461B492068884216D154
:1023E00000BF1A480068C914084318490860084625
:1023F0000068C9140840009000BF00BF00221146C9
:102400000D20FFF7C5F90D20FFF7B0F91BE01049CB
:102410002068884217D100BF0C484038C06B0221A9
:1024200008430A494039C8630846C06B0221084086
:10243000009000BF00BF002211461020FFF7A8F94E
:102440001020FFF793F938BD002C014040100240E6
:102450000004004001463D20405C012801D00120DD
:10246000704702233D2043540868C0680123184385
:102470000B68D860114B0868984207D0104B086869
:10248000984203D00F4B086898420FD108688268C1
:102490000D4B1A40062A0FD0D81F82420CD0086874
:1024A0000068012318430B68186005E0086800689D
:1024B000012318430B6818600020D1E7002C01406D
:1024C000000400400040014007000100F8B5044648
:1024D0000D460020009000BF3C20005D012801D186
:1024E0000220F8BD01213C20015500BF02213D2002
:1024F0000155206886683A480640FF2109023046A7
:1025000088430646206886602868502834D00CDC52
:10251000202851D004DC00284CD0102852D14AE0A9
:1025200030284AD040284DD13AE060282ED070287B
:1025300007D001210903401A02D0401A42D10DE010
:1025400043E0EB686A68A968206802F0ADFF206884
:102550008668772006432068866036E0EB686A6804
:10256000A968206802F0A0FF206880680121890323
:1025700008432168886028E0EA686968206802F0FA
:10258000ADFF5021206802F09DFF1EE0EA686968F7
:10259000206802F0BCFF6021206802F093FF14E085
:1025A000EA686968206802F099FF4021206802F01B
:1025B00089FF0AE000BF00BF00BF2968206802F061
:1025C00081FF02E00120009000BF00BF01213D20FB
:1025D000015500BF00213C20015500BF009880E755
:1025E00088FFCEFF014600BF8420405C012801D156
:1025F0000220704701238420435400BF24238820F5
:1026000043500868026808680068400840000B688A
:10261000186001235B071046984302460020486675
:102620000868026020238820435000BF00238420D4
:10263000435400BF0020DCE77047704770B5044684
:102640000D4600BF8420005D012801D1022070BD2D
:1026500001218420015500BF2421882001512068D8
:10266000066820680068400840002168086020680B
:1026700080680721490688432843216888602046EE
:1026800002F05EFF2068066020218820015100BF13
:1026900000218420015500BF0020D8E770B5044612
:1026A0000D4600BF8420005D012801D1022070BDCD
:1026B00001218420015500BF242188200151206878
:1026C00006682068006840084000216808602068AB
:1026D0008068C000C008284321688860204602F056
:1026E0002FFF2068066020218820015100BF0021B3
:1026F0008420015500BF0020D9E77047704770471C
:10270000F0B585B004462068C56920680668206871
:102710008768FA48284003900398002814D12020A5
:102720002840002810D020203040002804D101206B
:1027300000073840002807D0606F002802D02046EC
:10274000616F884705B0F0BD039800287ED0EC4843
:102750003840002803D1EB4830400028F6D0E80785
:10276000C00F00280DD0FF2001303040002808D0D5
:10277000012021680862902000590121084390211E
:1027800008510220284000280CD0F807C00F00286C
:1027900008D00220216808629020005904210843D3
:1027A000902108510420284000280CD0F807C00FC1
:1027B000002808D0042021680862902000590221D6
:1027C00008439021085108202840002810D02020DC
:1027D0003040002803D1CA483840002808D00820DB
:1027E000216808629020005908210843902108516F
:1027F0000120C002284000280ED001208006304071
:10280000002809D00120C0022168086290200059E8
:1028100020210843902108519020005900285ED0C3
:102820002020284000280ED020203040002804D14D
:10283000012000073840002805D0606F002802D032
:102840002046616F88479020005900E048E00290E0
:102850002068806840210840402804D02821029840
:102860000840002835D0204602F0A4FF2068806888
:1028700040210840402828D100BF03F0F1FA019020
:10288000012003F0FFFA2068806840218843216816
:102890008860019803F0F6FA00BF802000590028F4
:1028A0000FD0994980200059816380210859FEF793
:1028B000F1FB002813D0802210591259916B8847E0
:1028C0000DE02046FFF71BFF09E02046FFF717FF4A
:1028D00005E02046FFF713FF00219020015131E76A
:1028E000E06E01287ED11020284000287AD01020E8
:1028F00030400028FAD010202168086220688068E3
:1029000040210840402876D1802000590068406866
:1029100080B20190019800286CD05C20015B019886
:10292000814267DD5E2101980853802000590068CC
:1029300000682021084000284DD100BF03F090FA24
:102940000090012003F09EFA20680068FF21013109
:10295000884321680860009803F094FA00BF00BF24
:1029600003F07EFA0090012003F08CFA2068806862
:102970004008400021688860009803F083FA00BF97
:1029800000BF03F06DFA0090012003F07BFA20688D
:1029900080684021884321688860009803F072FABB
:1029A00000BF20218C2001510020E06600BF03F011
:1029B00057FA0090012003F065FA206800681021A2
:1029C000884321680860009803F05CFA00BF80210A
:1029D0000859FEF713FB022020675C20025B5E2093
:1029E000005B02E057E006E004E0101A81B22046E6
:1029F000FFF722FEA6E65C20015B5E20005B081A62
:102A000080B201905E20005B002843D0019800282E
:102A100040D000BF03F024FA0090012003F032FA06
:102A200020680068FF2121318843216808600098F0
:102A300003F028FA00BF00BF03F012FA0090012053
:102A400003F020FA206880682D49C94308402168B6
:102A50008860009803F016FA00BF20218C200151F5
:102A60000020E066606700BF03F0FAF900900120E3
:102A700003F008FA20680068102188432168086084
:102A8000009803F0FFF900BF02202067204601995B
:102A9000FFF7D2FD56E601200005284000280CD0A3
:102AA000012080053840002807D00120000521685A
:102AB00008622046FFF722FE44E6802028400028D6
:102AC0000FD080203040002804D10120C0053840BC
:102AD000002806D0A06F002802D02046A16F8847AA
:102AE00030E640202840002810D040203040002808
:102AF0000CD0204602F0A0FE24E600000F080000E3
:102B000001000010200100049D5701080120C005AC
:102B10002840002808D0012080073040002803D03A
:102B20002046FFF7EAFD0DE60120000628400028B8
:102B300007D0F00FC007002803D02046FFF77DFD27
:102B400000E600BFFEE510B50446002C01D10120CF
:102B500010BDA069002800D000E000BF8820005907
:102B6000002805D1002184200155204600F02CF8D2
:102B70002421882001512068006840084000216815
:102B80000860A06A002802D0204602F00DFD204611
:102B900002F06EFE012800D1DAE7206840680921C2
:102BA000C902884321684860206880682A218843D8
:102BB0002168886020680068012108432168086056
:102BC000204602F069FDC3E710B58EB0044614211B
:102BD00009A8FDF7CCFA1C2102A8FDF7C8FA9B4909
:102BE000206888427ED1012002900020039002A834
:102BF000FEF704FE002801D0FDF72CFE00BF94482C
:102C0000006801218903084391490860084600686B
:102C1000012189030840019000BF00BF00BF8C481C
:102C20004038406B012108438949403948630846D0
:102C3000406BC007C00F019000BF00BF00BF084637
:102C4000406B042108438249403948630846406B81
:102C500004210840019000BF00BF032040020990FA
:102C600002200A9000200B900C9001200D9009A9E1
:102C700005200007FEF762FB4020099001200A9022
:102C800000200B900C9009A97248FEF757FB002218
:102C900040217048FEF747FC6F48704908603220B9
:102CA000486000216D488160C16080210161002180
:102CB00041618161C1610162FEF7CAFA002801D059
:102CC000FDF7C8FD00BF65498020015108468462B8
:102CD00000BF614814306249086033204860102109
:102CE0005F4800E01DE081600021C160802101613A
:102CF000002141618161C1610162FEF7A9FA0028EA
:102D000001D0FDF7A7FD00BF5548E067846200BF12
:102D1000002211461B20FEF73BFD1B20FEF726FD7F
:102D200092E0504920688842FAD100BF48484038B4
:102D3000C06B01218904084345494039C8630846EE
:102D4000C06B012189040840019000BF00BF00BF93
:102D50003F484038406B012108433D4940394863B2
:102D60000846406BC007C00F019000BF00BF00BF06
:102D70000846406B022108433549403948630846FC
:102D8000406B02210840019000BF00BF2020099045
:102D900002200A9000200B900C9004200D9009A9AD
:102DA00005200007FEF7CAFA0120099002200A90C8
:102DB00000200B900C9004200D9009A92A48FEF7E2
:102DC000BDFA25482830294908603620486000218E
:102DD00026488160C16080210161002141618161DB
:102DE000C1610162FEF734FA002801D0FDF732FD1F
:102DF00000BF1E49802001510846846200BF16486A
:102E00003C301B4908603720486010211848816019
:102E10000021C16080210161002141618161C161A6
:102E20000162FEF715FA002801D0FDF713FD00BF7F
:102E30000F48E067846200BF002211461D20FEF7A4
:102E4000A7FC1D20FEF792FC0EB010BD003801401B
:102E50004010024000080050080002401803002003
:102E6000740300200048004000040050D0030020FC
:102E70002C040020FFB583B004460D461746882079
:102E8000005920286DD1002D01D0002F02D1012042
:102E900007B0F0BD01210903A068884208D120696C
:102EA000002805D1E807C00F002801D00120EFE776
:102EB000002190200151212188200151FEF73AFB89
:102EC0000190542007535620075301210903A0689D
:102ED000884205D12069002802D10026029502E02F
:102EE0002E460020029024E00698009000228021C7
:102EF0002046019B02F0D4FD002804D02021882028
:102F000001510320C4E7002E09D102980088C005B2
:102F1000C00D216888620298801C029003E030781E
:102F200021688862761C5620005B401E81B25620C4
:102F300001535620005B0028D6D10698009000224D
:102F400040212046019B02F0ABFD002804D0202147
:102F50008820015103209BE7202188200151002077
:102F600096E7022094E7704700BFFEE710B50848D7
:102F700000688069072109020840002803D004483E
:102F8000FEF7E0FA02E00248FEF722FB10BD000067
:102F9000A800002070B50546AC6AA06B002802D0DE
:102FA0000020A16B8863E06B002802D00020E16B59
:102FB0008863204600F0A8FC70BD10B5052002F023
:102FC00065FF10BD10B502460020CB07DB0F002BBC
:102FD00009D04223184341239B5C28242340282BFB
:102FE00001D0B023184302230B40022B09D1442304
:102FF000184341239B5C28242340282B01D0B02375
:1030000018430123DB030B400124E403A34201D155
:10301000B8231843102901D190231843202901D146
:1030200020231843402901D14023184313681B680B
:1030300083431468236010BD01688969022211402E
:103040004908002902D0002102689162016889695B
:10305000C907C90F012251405140002904D101681C
:1030600089691143026891617047F8B504464120AF
:10307000005D28210840282856D120688069012158
:1030800009040840070C206880697F214904084032
:10309000050C206880688605B60D2068C068FE2192
:1030A00008400090E06802282ED106202840F11147
:1030B00006221140884216D13546A06C401CA064FF
:1030C000A06C022838D10020A06408202168C861C3
:1030D00000BF00214020015500BF2A463946204646
:1030E000FEF72FFA28E0009D0121C9032046FFF7D3
:1030F00069FF00BF00214020015500BF2A46394624
:103100002046FEF71EFA17E00121C9032046FFF70B
:1031100059FF00BF00214020015500BF2A46394613
:103120002046FEF70EFA07E008202168C86100BFBC
:1031300000214020015500BFF8BD0000F8B504464D
:103140000F464120065D0021422001554E48E062B5
:1031500000206085606C38436064282E03D0292EDF
:1031600001D02A2E09D103212046FFF72BFF282169
:10317000412001554548606326E045492046FFF758
:1031800021FF2046FFF758FF4120005D602819D03D
:10319000202141200155206880690840400900280D
:1031A00010D020688069102108400009002806D04E
:1031B00010202168C861606C0421084360642020ED
:1031C0002168C86100206063256BA06B002829D0AE
:1031D000112D01D0212D25D12068006801218903FE
:1031E0000840884204D1206800688843216808604C
:1031F000A06BFDF799FF012810D02648A16B8863CA
:1032000000BF00214020015500BFA06BFDF742FF29
:10321000002837D0A06B816B884733E0204600F050
:1032200073FB2FE0E06B002829D0122D01D0222D56
:1032300025D1206800680121C9030840884204D1D3
:1032400020680068884321680860E06BFDF76CFF28
:10325000012810D00F48E16B886300BF0021402097
:10326000015500BFE06BFDF715FF00280AD0E06BA9
:10327000816B884706E0204600F046FB02E02046CE
:1032800000F042FBF8BD00000000FFFF1537010809
:1032900003800000952F010870B504460D461A48BA
:1032A000E0620020206320214120015500214220BE
:1032B000015500206063042028408008002813D0B6
:1032C0002068406A616A0870606A401C6062208DF4
:1032D000002809D0208D401E2085608D401E60850D
:1032E000606C04210843606408492046FFF76AFEC9
:1032F00010202168C86100BF00214020015500BF97
:103300002046FEF775F970BD0000FFFF0380000046
:10331000F3B581B00446206800680090029EE76A19
:103320004120055D20202168C861212D01D0292D73
:1033300006D17F492046FFF745FE2120206314E097
:10334000222D01D02A2D07D17949491C2046FFF7AB
:1033500039FE2220206308E0282D06D17449891CFB
:103360002046FFF72FFE00202063206840680121DF
:10337000C903084321684860206840686D490840D7
:10338000216848602046FFF757FE01218903009815
:103390000840800B00280CD0206800688843216812
:1033A0000860A06B002817D0A06B0068406860859B
:1033B00012E00121C90300980840C00B00280BD07F
:1033C00020680068884321680860E06B002803D00B
:1033D000E06B006840686085042030408008002869
:1033E00013D004213046884306462068406A616A4B
:1033F0000870606A401C6062208D002805D0208D16
:10340000401E2085608D401E6085608D002803D0A1
:10341000606C0421084360641020304000090028DB
:1034200039D01021009808400009002833D0608D61
:10343000002820D14120005D282807D14805874277
:1034400004D131462046FFF727FF24E04120005DEC
:1034500029280CD13848874209D010202168C8613A
:103460002046FFF7E9FD204600F068F813E0102041
:103470002168C8610FE010202168C861606C0421D8
:1034800008436064002F02D08805874203D1616C35
:103490002046FFF753FE00214220015500206063C3
:1034A000606C00280CD0616C2046FFF747FE41207D
:1034B000005D28283AD131462046FFF7EDFE35E081
:1034C000E06A1D49884212D0204600F037F81A48B9
:1034D000E0622021412001550020206300BF00212F
:1034E0004020015500BF2046FEF782F81EE0412033
:1034F000005D22280DD120214120015500202063AC
:1035000000BF00214020015500BF2046FEF771F8A2
:103510000CE02021412001550020206300BF002144
:103520004020015500BF2046FEF764F8FEBD0000B4
:103530000180000000E800FE0000FFFF70B50446B7
:1035400020680568002142200155012080032840A1
:10355000800B002807D02068006801218903884378
:10356000216808600CE00120C0032840C00B00283F
:1035700006D0206800680121C903884321680860DB
:103580004120005D292811D1282141200155212009
:10359000206301212046FFF715FD00BF00214020D8
:1035A000015500BF2046FEF725F814E04120005DDC
:1035B0002A2810D1282141200155222020630221F0
:1035C0002046FFF7FFFC00BF00214020015500BF4F
:1035D0002046FEF70EF870BD10B5012280210C4880
:1035E000FDF7A1FFFFF7E9FC012240210848FDF7A4
:1035F0009AFFFFF7E2FC80210548FDF78BFF0446A8
:10360000002240210248FDF78EFF204610BD000039
:103610000004005070B500240025012280211448C8
:10362000FDF781FF00BF19E06006040E0022402173
:103630000F48FDF778FFFFF7C0FC012240210C483E
:10364000FDF771FFFFF7B9FC80210948FDF762FF24
:10365000002801D001200443681CC5B2082DE3DB1B
:10366000002240210248FDF75EFF204670BD0000A9
:103670000004005010B50446002C05D00122802122
:103680000B48FDF750FF04E0002280210848FDF7B9
:103690004AFFFFF792FC012240210548FDF743FF56
:1036A000FFF78BFC002240210148FDF73CFF10BDD5
:1036B0000004005070B50446002500BF20E0002241
:1036C00040211348FDF72FFF80202040002805D01F
:1036D000012280210E48FDF726FF04E00022802110
:1036E0000B48FDF720FFFFF768FC01224021084846
:1036F000FDF719FFFFF761FC6006040E681CC5B2F8
:10370000082DDCDB002240210148FDF70CFF70BDD5
:1037100000040050F7B504461646E56A019F00BF55
:103720004020005D012801D10220FEBD0121402082
:10373000015500BF202038404009002809D0202032
:1037400030404009002804D039462046FFF7E0FD0C
:1037500096E010203840000900283AD01020304070
:103760000009002835D0608D002821D14120005D5E
:10377000282808D101204006854204D13946204638
:10378000FFF78AFD7CE04120005D29280CD14048EC
:10379000854209D010202168C8612046FFF74CFC03
:1037A0002046FFF7CBFE6BE010202168C86167E080
:1037B00010202168C861606C042108436064002DFA
:1037C00002D0880585425BD1616C2046FFF7B6FCCC
:1037D00056E004203840800800281ED004203040E5
:1037E0008008002819D0608D00280CD02068406A1D
:1037F000616A0870606A401C6062208D401E2085EE
:10380000608D401E6085608D002839D1204885423A
:1038100036D02046FFF792FE32E008203840C0083C
:10382000002809D008203040C008002804D03946BC
:103830002046FFF71AFC23E0022038404008002809
:103840001ED0022030404008002819D0608D00288A
:103850000DD0606A007821688862606A401C6062EE
:10386000608D401E6085208D401E208508E001206F
:103870000006854201D0002D02D12046FFF75EFEF2
:1038800000BF00214020015500BF00204DE700008F
:103890000000FFFF10B5012280210B48FDF743FE19
:1038A000012240210848FDF73EFEFFF786FB00227B
:1038B00080210548FDF737FEFFF77FFB00224021FE
:1038C0000148FDF730FE10BD0004005010B5002285
:1038D00040210C48FDF727FE002280210948FDF712
:1038E00022FEFFF76AFB012240210648FDF71BFE7E
:1038F000FFF763FB012280210248FDF714FEFFF76A
:103900005CFB10BD0004005010B504464120005D72
:1039100060280DD12021412001550020206300BFE7
:1039200000214020015500BF2046FDF709FE09E0B7
:103930000020206300BF00214020015500BF204629
:10394000FDF755FE10BD000010B50448FDF792FECE
:10395000002801D0FCF77EFF10BD0000FC00002015
:1039600010B586B00020039003A804A905AA084B4F
:1039700000920191029000221146064805F0B4FC25
:103980000446002C02D0204606B010BD2046FBE7BE
:10399000400700201807002010B50121044802F05C
:1039A000F0FC0446002C01D0204610BD2046FCE768
:1039B0008804002038B56A460549064805F0DEFC53
:1039C0000446002C01D0204638BD2046FCE700000C
:1039D000400700201807002010B58AB0142105A860
:1039E000FCF7C5FB00BF2948406B0121084327496C
:1039F00048630846406BC007C00F049000BF00BF7B
:103A00000120C003059001200690022008900020AC
:103A1000079005A905200007FDF790FC01F06AFB5F
:103A200000F020FA02211A4802F09BFC0446002C08
:103A300002D020460AB010BD0220FDF769FCFF202D
:103A400001301449144B019000930291039000231C
:103A50000F4A5C21114804F011F80446002C01D0F3
:103A60002046E7E701210D484030817640380C4977
:103A70000860024614210B4805F04AFF0446002C5A
:103A800001D02046D6E70020D4E700000010024015
:103A900062000020F8050020F804002088040020BF
:103AA000240000201807002010B5054802F0ACFCE7
:103AB0000446002C01D0204610BD2046FCE7000043
:103AC0008804002053B589B006460A98002802D120
:103AD00021200BB050BDA22168460173467310220D
:103AE0000E300A99FCF72AFB00200090152303AA48
:103AF000014601900B4805F0B3FF0446002C0AD1A3
:103B0000022D08DBA81E385C902803D1681E385CA3
:103B1000002800D00624002C01D02046D9E72046FA
:103B2000D7E700000407002070B586B005460E46B2
:103B3000002E02D1212006B070BDA221684601747A
:103B40004574042231461230FCF7F8FA0220FDF7E2
:103B5000DFFB802207211348006805F068FB7D2207
:103B600012010D210F48006805F061FB02A803A9AE
:103B7000062304AA0091019000210B4805F0D9FB0F
:103B80000446002C0BD168460089012806D1039811
:103B900000780A2802D1FDF7BBFB00E0062420468E
:103BA000C9E70000240000201807002010B586B0E7
:103BB0000E4C0F480F49104A104B1B78019302928C
:103BC000039104900E4800900E4803780E48027846
:103BD0000E4801780E4806F0CDFD0446002C02D0B8
:103BE000204606B010BD2046FBE70000FFFF0000A6
:103BF000550000204C0000204B0000204A0000200F
:103C00004200002041000020400000203F00002032
:103C1000E404002010B50421044802F0B2FB04467D
:103C2000002C01D0204610BD2046FCE7880400206F
:103C300010B5064C064A0749074806F008FE044638
:103C4000002C01D0204610BD2046FCE7FFFF0000FD
:103C5000540000204C000020E404002010B58AB07D
:103C6000142105A8FCF783FA00BF2E48406B012100
:103C700008432C4948630846406BC007C00F0490B6
:103C800000BF00BF0120C003059001200690022064
:103C900008900020079005A905200007FDF74EFBBE
:103CA00001F028FA00F0DEF802211F4802F059FB6B
:103CB0000446002C02D020460AB010BD0220FDF7B9
:103CC00027FBFF2001301949194B01900093029105
:103CD00003900023144A5C21164803F0CFFE0446EB
:103CE000002C01D02046E7E70121124840308176C0
:103CF00040381149086002461421104807F02CF89A
:103D00000446002C01D02046D6E70C4A08210C4876
:103D100002F0CAF90446002C01D02046CCE700206E
:103D2000CAE700000010024062000020F8050020F1
:103D3000F80400208804002024000020E40400206F
:103D40003000002010B500200A49087022200A49DE
:103D50000870FF20094908700020094908700948C7
:103D600002F052FB0446002C01D0204610BD204634
:103D7000FCE700003F000020400000204100002040
:103D80004A00002088040020F8B506460C46002CA6
:103D900001D12120F8BD04202346324601210090A4
:103DA000044802F06FFA0546002D01D02846F1E7DD
:103DB0002846EFE73000002000B587B0142102A8A4
:103DC000FCF7D5F900BF2248406B01210843204988
:103DD00048630846406BC007C00F019000BF00BF9A
:103DE00000BF0846406B0221084319494863084652
:103DF000406B02210840019000BF00BF02200290EA
:103E000001200390002004900220059002A90520C3
:103E10000007FDF793FA0420029001200390002090
:103E200004900220059002A905200007FDF786FAFC
:103E300001208002029001200390002004900220C3
:103E4000059002A90348FDF779FA07B000BD00000C
:103E50000010024000040050014908707047000043
:103E6000A000002010B50122D10305200007FDF7B6
:103E70005AFB0A2002F00AF800220121C90305209A
:103E80000007FDF750FB10BD10B500220121C9034A
:103E900005200007FDF747FB10BD0000FEB50746F3
:103EA0000D46114802900320019001A800903A4667
:103EB00001210E48029B02F0D3F80646002E01D0E5
:103EC000F0B2FEBD002D0AD0002405E006480168CE
:103ED000601C085C2855641C042CF7DB01E02120E1
:103EE000EFE7F0B2EDE70000800000203000002096
:103EF000F0B58BB000200A9009900026089007903A
:103F000006900A980A90099809906846017E017601
:103F1000FE48807A002801D10BB0F0BDFB48407A02
:103F2000022800DAF8E7F948407A801E81B2F748A3
:103F3000BF3800F0CDFE0890F448407A801EF34967
:103F4000BF39085C0202F148407A401E085C101834
:103F500080B207900799089888427DD1EB48C03815
:103F60008078022804D1E949C039087801F040FE80
:103F7000EC20FCF7B5FAE549C03949788842ECD124
:103F8000E248C0388078102867D008DC01280DD0BE
:103F9000032813D005287BD006287AD188E036285C
:103FA00078D0372877D03828F7D183E1042000F083
:103FB0006FFC0121D548C030C174B9E1D348C03885
:103FC000C0780002D149C039097908430590CF482B
:103FD000C03840790002CD49C03989790843074685
:103FE0000598059000BFC948C0380679002500BF74
:103FF0002E2E03DBAA2001F0FBFD57E0C448007819
:10400000012806D1C1490B31304601F017F80546A9
:1040100005E0BE490B313046FFF740FF0546002D55
:104020003AD11422BB496846FCF788F8B748C03833
:10403000017868460170B548C03801796846C1709A
:10404000B248C17A68460171B0480B304178684681
:104050004171AE480B3001E06BE17AE0817868464F
:104060008171AA480B30C1786846C171082100F0FF
:104070002FFE04462046E117090E091809040A0E0E
:1040800069460A724C720A21684601F0A3FD08E0F5
:104090000DE041E1EEE0FDE004219C480B3001F031
:1040A00099FDC82199480B30FCF761F840E13FE1E8
:1040B0009648C038067996480078012824D1282EE1
:1040C00001DA042E03DAAA2001F092FD40E0002478
:1040D0000025002700BF8D4CBB3C354621462846B5
:1040E000FFF722FD07460520FDF712F904212046BF
:1040F000FCF73DF82146284600F0A0FF07460A21BC
:10410000201F01F067FD23E0282E03DBAA2001F029
:104110006FFD1DE00024002500BF7C4CBB3C214608
:10412000304600F0BBFB04212046FCF720F8214676
:104130003046FFF7B3FE0546002D03D0AB2001F05B
:1041400057FD04E00A217148BF3801F043FD00BF6C
:10415000EEE06E48C038C07800026C49C039097979
:10416000084305906948C038407900026749C03962
:1041700089790843049000256448C03884790598FB
:104180000590049804906148C0380579604800782B
:10419000012839D1282D01DA042D03DAAA2001F0F3
:1041A00027FD66E05948B938039000270BE0BB00B3
:1041B000039A9918EA19D0B2FFF7B6FC0520FDF76B
:1041C000A7F8781CC7B2E117890F09198910B942FD
:1041D000EDDC002708E0BB00039A9918EA19D0B279
:1041E00000F02CFF781CC7B2E117890F091989105C
:1041F000B942F0DC4548C03880790146083143486F
:10420000BF3801F0E7FC34E0282D03DBAA2001F0E1
:10421000EFFC2EE03D48B9380390002708E0BB00D2
:10422000039A9918EA19D0B200F038FB781CC7B28B
:10423000E117890F09198910B942F0DC002708E05D
:10424000BB00039A9918EA19D0B2FFF727FE781C31
:10425000C7B2E117890F09198910B942F0DC2B4860
:10426000C0388079014608312848BF3801F0B2FCD7
:1042700000BF5DE00120264908700121A120FCF764
:1042800071F9002000F004FB08212048BF3801F03C
:10429000A1FC4DE000201E4908700021A120FCF780
:1042A00061F9002000F0F4FA08211848BF3801F045
:1042B00091FC3DE00024EC20FCF712F91349C039D1
:1042C0004978884220D1002005E01049BF390A5CB6
:1042D000CA310A54401C0628F7DB0D4801780B4808
:1042E0000B300171062100F0F3FC04462046E11773
:1042F000090E091809040A0E04490B318A7108468F
:10430000C471082101F066FC12E00000130A0020CD
:104310003D00002030B8010801200A4908700A4811
:10432000807880210843074948700120887000BFC9
:1043300000BF01F043FC00210348C030417281728C
:1043400000BFE9E55308002053090020002004E0E5
:104350000021084A1154411C48B20428F8DB00200F
:1043600005E000214200044B9952411C48B2042848
:10437000F7DB7047120000200A00002000200AE04E
:104380004100134A515A134A914202DD0021124A58
:104390001154411C48B20428F2DB002014E00E49FD
:1043A000095C012907D14100094A515A491C4200C0
:1043B000074B995206E00849095C002902D14200E6
:1043C000034B9952411C48B20428E8DB70470000B7
:1043D0000A00002060EA000012000020042801DA30
:1043E000014A1154704700001200002010B50D481A
:1043F00004680D492046FBF777FE0C490860084623
:1044000000687D21C90048430949086007480068E1
:10441000002806D10120054908607D20C00004491C
:10442000086010BD9C00002040420F0018000020D2
:104430001C00002010B539480078002806D001285B
:1044400007D0022808D0032838D11EE000F04EFA29
:1044500035E000F041FA32E031480088401C304934
:10446000088008460088FF21F531884201D100F01C
:104470003DFA2B4800887D21C900884204DB00F00A
:104480002BFA00202649088019E025480088401CA6
:1044900023490880084600887D210901884201D10E
:1044A00000F024FA1E4800887D214901884204DB7F
:1044B00000F012FA00201A49088000E000BF00BF97
:1044C00018480078002806D0012805D0022804D01A
:1044D000032820D110E01FE01EE013480088401C94
:1044E00011490880084600887D21C900884202DB06
:1044F00000200D4908800FE00B480088401C0A4945
:104500000880084600887D214901884202DB00209E
:104510000549088000E000BF00BF10BDA0000020DA
:10452000A2000020A1000020A4000020FEB5CE4D76
:10453000CE48007804286AD008DC00280FD0012873
:1045400013D002282DD003287ED144E005287CD04A
:1045500006287BD007287AD05028F5D16FE1FFF7E5
:1045600093FC012000F094F97BE10120FFF774FC3B
:10457000BF480078002803D1FFF770FB054606E02E
:10458000BB480078012802D1FFF726FA0546002D26
:1045900003D1022000F07CF902E0502000F078F90D
:1045A0005FE1B14DB2480078002803D1FFF7CAFBA4
:1045B000054606E0AE480078012802D1FFF774FAFC
:1045C0000546002D03D1032000F062F902E05020DF
:1045D00000F05EF945E1A44DFFF7B6F9A448007874
:1045E000002803D1FFF716FB054606E0A048007837
:1045F000012802D1FFF7D0F90546002D03D1042090
:1046000000F046F902E0502000F042F929E1964D11
:1046100097480078002803D1FFF7C8FA054606E05E
:1046200093480078012802D1FFF79AF90546002D3A
:1046300012D1052000F02CF901210020FFF7CEFE59
:104640000220FFF709FC03E002E10CE034E0D4E0D3
:1046500001208849087005E0502000F019F9002079
:1046600084490870FDE0804D83480021016041606D
:1046700014218248FBF77BFD0A20FCF749FE00214C
:104680000846FFF7ABFE7A480078002803D1FFF711
:10469000CFFA054606E076480078012802D1FFF7F8
:1046A00089F90546002D03D1062000F0F1F802E05B
:1046B000502000F0EDF8D4E06B4D6D4800780028F4
:1046C0000AD1002405E06C48005D6D490855601C66
:1046D000C4B2082CF7D30DE065480078012809D151
:1046E000002405E06548005D65490855601CC4B2BA
:1046F0000A2CF7DB6348C07C012877D10021614890
:10470000C1745B480078012835D15F4A07CA6B46FF
:1047100007C35E48017868460170584801786846CA
:104720008170564841786846C1705448817868461F
:1047300001715248C1786846417150480179684614
:1047400081714E4841796846C1714C48817968460B
:104750000172092100F0BCFA06463046F117090E35
:10476000091809040A0E69464A728E720B216846BE
:1047700001F030FA3AE0444A0C3207CA6B4607C3EC
:1047800042480178684601703B480178684681706C
:10479000394841786846C170374881786846017168
:1047A0003548C1786846417133480179684681715E
:1047B000314841796846C1712F4881796846017254
:1047C0002D48C179684641720A2100F081FA0646F7
:1047D0003046F117090E091809040A0E69468A7253
:1047E000CE720C21684601F0F5F900BF072000F0F9
:1047F0004FF80220FFF730FB33E01B4D1C480078D8
:10480000002803D1FFF7D2F905460DE018480078DB
:10481000012809D1002000900190029069460120F2
:1048200000F00CFC054600BF002D03D0502000F026
:104830002FF803E0FFF788F8FFF75AFB11E0FFF7C6
:1048400011FB012000F024F80120FFF705FB08E030
:10485000012000F01DF8FFF705FB0120FFF7FCFA2F
:1048600000BF00BFFEBD0000FFFF000038000020B9
:104870003D000020200000204C00002040070020C8
:1048800028000020D30A0020ACB4010853090020FE
:1048900001490870704700003800002070B50546D7
:1048A0000E460C480078002805D131462846FFF70F
:1048B0006BFA044608E007480078012804D1314625
:1048C0002846FFF7FFF80446002C00D170BD00BF5A
:1048D000FCE700003D00002010B500220121890204
:1048E0000148FCF720FE10BD0004005010B5012265
:1048F00091020248FCF717FE10BD000000040050B2
:1049000010B50122022105200007FCF70CFE10BDA6
:1049100010B50022022105200007FCF704FE10BD9F
:1049200010B50022042105200007FCF7FCFD10BD96
:1049300010B50122042105200007FCF7F4FD10BD8D
:1049400000B587B0142102A8FBF711FC00BF334863
:10495000406B01210843314948630846406BC0075A
:10496000C00F019000BF00BF00BF0846406B02218E
:1049700008432A4948630846406B022108400190D9
:1049800000BF00BF00BF2548406B042108432349F6
:1049900048630846406B04210840019000BF00BFF7
:1049A00000221F4905200007FCF7BDFD00221D491C
:1049B0001D48FCF7B8FD002240211C48FCF7B3FD60
:1049C000174802900120039000200490059002A94E
:1049D00005200007FCF7B2FC12480290012003906A
:1049E00000200490059002A90F48FCF7A7FC10488E
:1049F000029000200390049002A90B48FCF79EFC53
:104A0000402002900120039000200490059002A90C
:104A10000648FCF793FC07B000BD00000010024000
:104A200006800000023C0000000400500008005016
:104A300004C0000010B50848084908600320486019
:104A40007D21C9000548C1608160FCF7D5FD0028C3
:104A500001D0FBF7FFFE10BD00300040FC0000203D
:104A600000B589B00020059006900790089002904C
:104A70000390049000BF244800680121C903084343
:104A800021490860084600680121C90308400190D7
:104A900000BF00BF1D481E4908601E484860102125
:104AA0001B488160FF21F431C160FF2101310161A8
:104AB00080218161FDF758FC002801D0FBF7CAFE78
:104AC00001200003059005A91148FDF7FFFC00280F
:104AD00001D0FBF7BFFE00200290049002A90C4811
:104AE000FDF7F6FB002801D0FBF7B4FE00220221FF
:104AF0001320FCF74DFE1320FCF738FE0448FDF7A9
:104B0000A9FC09B000BD0000401002400020004098
:104B1000A4010020FFF9000000B587B00020039039
:104B20000490059006900090019002901D481E4947
:104B300008601E48486010211B488160FF21F43145
:104B4000C160FF210131016100214161802181614A
:104B5000FDF70AFC002801D0FBF77CFE01200003D2
:104B6000039003A91048FDF7B1FC002801D0FBF722
:104B700071FE002000900190029069460A48FDF7FE
:104B8000A7FB002801D0FBF765FE002202210D20C3
:104B9000FCF7FEFD0D20FCF7E9FD0348FDF75AFC8C
:104BA00007B000BD002C01400C010020FFF90000FF
:104BB00000B587B000200390049005900690009007
:104BC000019002901B481C4908603F20486010215A
:104BD000194881601949C160FF21013101618021BB
:104BE0008161FDF7C1FB002801D0FBF733FE0120F6
:104BF0000003039003A91048FDF768FC002801D0CA
:104C0000FBF728FE00200090029069460A48FDF755
:104C10005FFB002801D0FBF71DFE002202211020BF
:104C2000FCF7B6FD1020FCF7A1FD0348FDF712FCD0
:104C300007B000BD0004004058010020E703000059
:104C400010B5044620482149086008464460002108
:104C50008160C16001610C21416100218161C161FC
:104C6000016241620020194988620846FDF76BFF26
:104C7000002801D0FBF7EEFD00211448FDF70EFDE2
:104C8000002801D0FBF7E6FD00211048FDF7D6FC17
:104C9000002801D0FBF7DEFD0C48FDF7A3FC00283F
:104CA00001D0FBF7D7FD09480068006820210843C0
:104CB0000649096808600548006800681021084333
:104CC00002490968086010BD00380140F001002069
:104CD00030B502460B460C48002112E0555C684096
:104CE00000240AE0C507ED0F002D03D04010074D4A
:104CF000684000E04010651CACB2082CF2DB4D1C93
:104D0000A9B29942EADB30BDFFFF000001A000001C
:104D10003EB5C04CC048007804287CD008DC002890
:104D20000FD0012818D0022836D003286BD151E0CB
:104D3000052869D0062868D0072867D05028F5D103
:104D40005AE1FFF7A1F80020B4490870B248007892
:104D5000401CB14908705BE1B1480078002803D1DC
:104D6000FEF77CFF044606E0AD480078012802D13A
:104D7000FEF732FE0446FEF7E7FD0020A749087063
:104D8000002C05D1A4480078401CA349087002E01B
:104D90005020A14908703BE19E4CA14800780028B2
:104DA00003D1FEF7CFFF044606E09D4800780128B6
:104DB00002D1FEF779FE0446FEF7C6FD002C05D1B0
:104DC00095480078401C9449087002E050209249B0
:104DD00008701DE18F4C92480078002803D1FEF73F
:104DE00019FF044606E08E480078012802D1FEF73C
:104DF000D3FD0446002C0AD187480078401C864920
:104E0000087007E007E0FDE029E04FE0D3E0502024
:104E100081490870FCE07F4C81480078002803D16C
:104E2000FEF7C4FE044606E07D480078012802D162
:104E3000FEF796FD0446FEF787FD002C08D1764864
:104E40000078401C7449087001207449087005E01E
:104E5000502071490870002070490870D8E06D4CEE
:104E600008217048FBF783F914216F48FBF77FF99D
:104E70000A20FCF74DFA6A480078002803D1FEF7B3
:104E8000D7FE044606E066480078012802D1FEF706
:104E900091FD0446002C05D15F480078401C5E4916
:104EA000087002E050205C490870B1E0594CFEF7F0
:104EB0004BFD5E48C07C012877D100215B48C1745E
:104EC00057480078012835D1594A07CA6B4607C3AD
:104ED00058480178684601705348017868468170E7
:104EE000514841786846C1704F48817868460171E1
:104EF0004D48C178684641714B48017968468171D7
:104F0000494841796846C1714748817968460172CC
:104F10000921FFF7DDFE05462846E917090E0918A5
:104F200009040A0E69464A728D720B21684600F028
:104F300051FE3AE03E4A0C3207CA6B4607C33D4871
:104F400001786846017037480178684681703548B5
:104F500041786846C17033488178684601713148AC
:104F6000C178684641712F480179684681712D48A2
:104F700041796846C1712B48817968460172294898
:104F8000C179684641720A21FFF7A2FE054628460C
:104F9000E917090E091809040A0E69468A72CD72CA
:104FA0000C21684600F016FE00BF1B480078401C2C
:104FB000194908702CE0174C0A20FCF7A9F9184889
:104FC000007801280AD1002000900190029000246E
:104FD0006946012000F032F8044602E0FEF7E6FDE3
:104FE0000446002C03D050200B49087003E0FEF764
:104FF000ABFCFBF733FC0BE0FEF734FF0020064967
:10500000087005E0FEF72EFF00200349087000BF7E
:1050100000BF3EBDFFFF00008400002020000020F4
:105020003D0000204C00002040070020D30A002053
:10503000CCB401085309002000BFFEE770B586B06C
:1050400006460C46002C02D1212006B070BD30214E
:1050500068460175467503A804A9022305AA0091B4
:1050600001900021094804F064F90546002D09D19A
:1050700068468089102805D1042220460499FBF750
:105080005DF800E006252846DFE70000180700204D
:105090007047000010B5012211030848FCF743FADD
:1050A0000022012149030548FCF73DFA00220121B5
:1050B000C9020248FCF737FA10BD00000004005096
:1050C00038B504460D4668460470002201210903E4
:1050D0000748FCF728FA684600F0B6FD01221103E4
:1050E0000348FCF720FA684640786870002038BD15
:1050F0000004005010B500F01BF8FFF7CBFF10BD07
:1051000038B504460D4668460470457000220121FA
:1051100009030648FCF707FA684600F0F3FD012290
:1051200011030248FCF7FFF9002038BD00040050CD
:1051300000B587B0142102A8FBF719F800BF20487A
:10514000406B022108431E4948630846406B022118
:105150000840019000BF00BFC802029001200390E8
:10516000002004900220059002A91648FCF7E6F8FA
:105170000520C0020290012003900020049002202C
:10518000059002A90F48FCF7D9F80120800302908E
:1051900000200390012004900220059002A90948F4
:1051A000FCF7CCF8012211030648FCF7BCF90022F9
:1051B000012149030348FCF7B6F907B000BD000020
:1051C000001002400004005070470000FFB5044684
:1051D0000D4614A047680668806802970196039000
:1051E0000923632000900022002100BF13E000216A
:1051F00008E05018205C01AE765CB04200D003E0BD
:10520000481CC1B29942F4DB00BF994201D100921F
:1052100004E0501CC2B2E81A9042E8DA00BF0098DD
:1052200004B0F0BDAA5512233445AD55AA000000C4
:1052300000B587B0142102A8FAF799FF00BF124801
:10524000406B02210843104948630846406B022125
:105250000840019000BF00BFC020029011200390C1
:10526000002004900220059002A90848FCF766F887
:10527000012240210548FCF756F90122802103480C
:10528000FCF751F907B000BD0010024000040050C7
:1052900010B5FCF7F7F910BD00B591B0342104A8A2
:1052A000FAF765FF00200090019002900390012022
:1052B0004002FCF777FA0A200490FF2001300790A3
:1052C000002008904020099001200A9002200B90B5
:1052D00002210C9100210D910C210E9101040F91DE
:1052E0004107109104A8FCF701FD002801D0FBF74D
:1052F000B1FA072000900220019000200290039054
:1053000002216846FCF77CFB002801D0FBF7A2FADB
:1053100011B000BD70470000104800680069C00768
:10532000C00F012148404840002815D00B480068B4
:10533000C06808404840484000280DD0C81E0749B2
:1053400009680861064800880649884204DA04486A
:105350000088401C0249088070470000A40100201A
:1053600008000020FFFF00000F4800680069C00728
:10537000C00F012148404840002814D00A48006866
:10538000C06808404840484000280CD0C81E064964
:105390000968086105480078FF2804DA03480078A6
:1053A000401C0249087070470C01002006000020D4
:1053B00010B50F4800680069C007C00F01214840C0
:1053C0004840002813D00A480068C0680840484098
:1053D000484000280BD0C81E054909680861FEF73F
:1053E000CDFF0448007D002801D1FFF723F810BD50
:1053F00058010020D30A002010B50268244B9842BF
:1054000002D0244B984205D170241346A3431A4678
:105410004B681A431E4B98420ED01E4B98420BD03D
:105420001D4B984208D01D4B984205D01C4B98420A
:1054300002D01C4B984206D1032424021346A343F6
:105440001A46CB681A4380241346A3434C6923436E
:105450001A4602608B68C3620B6883620C4B9842E9
:1054600008D00E4B984205D00D4B984202D00D4B00
:10547000984201D10B690363012343610369DB0790
:10548000DB0F002B03D003695B085B00036110BDD9
:10549000002C01400004004000200040004001407A
:1054A000004401400048014070B50C468168FF2669
:1054B00036020D46B54329461D02154325432943AF
:1054C000816070BD0A468168034B1940072313436E
:1054D00019438160704700008FFFCFFF70B50B4606
:1054E0001446026A056A6D086D0005628169F0263E
:1054F0000D46B5432946250129430A261546B543DD
:105500002A4615461D432A468161026270BD70B568
:105510000B461446026A056A1026B5430562816986
:105520000F2636030D46B543294625032943A026F9
:105530001546B5432A461D012A438161026270BDAA
:10554000F8B50446606E002805D101216A20015398
:105550006820015322E00827082200922068806812
:10556000072149060840450E20688068460F0C4A0E
:10557000915D0C4A935D009A53431846FAF7CAFDB1
:1055800081B26A200153064A515D064A525D7A4350
:105590001046FAF7BFFD81B268200153F8BD000044
:1055A00027B501081FB501080822816A11400829A2
:1055B00007D10168496812039143826B1143026865
:1055C0005160018DC907C90F002908D001684968D9
:1055D000012252049143C26A1143026851600222BF
:1055E000816A1140022907D101684968D2039143B9
:1055F000026B1143026851600422816A1140042940
:1056000007D10168496812049143426B1143026853
:1056100051601022816A1140102907D10168896800
:1056200012029143C26B1143026891602022816A89
:105630001140202907D10168896812029143026C48
:105640001143026891604022816A1140402915D1BE
:105650000168496892039143426C114302685160AA
:1056600001221205416C914208D101684968032268
:1056700052059143826C1143026851608022816A15
:105680001140802907D10168496812039143C26C17
:105690001143026851607047F8B50446002190201C
:1056A0000151FBF747FF05462068006808210840C4
:1056B000082824D138482B4600228904009020462F
:1056C00000F0EEF900281AD000BF00F0C9FB064632
:1056D000012000F0D7FB2068006880218843216802
:1056E0000860304600F0CEFB00BF20218820015129
:1056F00000BF00218420015500BF0320F8BD2068B1
:10570000006804210840042836D123482B46002293
:1057100009050090204600F0C3F900282CD000BFF6
:1057200000F09EFB0646012000F0ACFB20680068FC
:10573000FF212131884321680860304600F0A2FB38
:1057400000BF00BF00F08CFB0646012000F09AFB72
:10575000206880684008400021688860304600F07A
:1057600091FB00BF20218C20015100BF002184202B
:10577000015500BF0320C1E72021882001518C2062
:1057800001510020E066206700BF00218420015500
:1057900000BF0020B2E70000FFFFFF0170B5054623
:1057A000AC6A00215E200153562001532046FCF7CD
:1057B000A6FF70BD70B5044600BF00F051FB054662
:1057C000012000F05FFB20680068FF212131884341
:1057D00021680860284600F055FB00BF00BF00F0BC
:1057E0003FFB0546012000F04DFB20688068114911
:1057F000084021688860284600F044FB00BFE06E46
:10580000012810D100BF00F02BFB0546012000F05D
:1058100039FB206800681021884321680860284609
:1058200000F030FB00BF20218C2001510020E066F9
:10583000606770BDFEFFFFEF70B5044600BF00F06B
:105840000FFB0546012000F01DFB20680068402189
:10585000884321680860284600F014FB00BF20211F
:10586000882001510020A0672046FDF77CFB70BD19
:10587000F0B585B00446002001902169A068084376
:1058800061690843E16908430390206800687A4928
:105890000840039908432168086020684068032194
:1058A00009038843E168084321684860A0690390C0
:1058B000206A039908430390206880686F49084074
:1058C00003990843216888602068C06A00090001C4
:1058D000616A08432168C86200BF6949206888423C
:1058E00017D1684840698007800F002806D001283A
:1058F00008D0022804D0032808D105E0002507E0DD
:10590000022505E0042503E0082501E0102500BF7D
:1059100028E05D492068884217D15A4840690C2127
:105920000840002806D0042808D0082804D00C28F5
:1059300008D105E0002507E0022505E0042503E085
:10594000082501E0102500BF0CE05049206888427E
:1059500001D1002506E04E492068884201D100258A
:1059600000E0102500BF0121C903E069884241D150
:10597000002D06D0022D08D0042D08D0082D0DD101
:1059800009E0FCF72DF906460CE0424E0AE0FCF770
:105990003BF9064606E00126F60303E00026012057
:1059A000019000BF00BF002E5BD0606A40003A4A01
:1059B000115A3046FAF798FB4000616849084018D0
:1059C00000906168FAF790FB0746102F0FD3334819
:1059D00087420CD831480F38384002903807400FC2
:1059E00002990843029002982168C86039E00120BA
:1059F000019036E0002D06D0022D08D0042D08D0ED
:105A0000082D0DD109E0FCF7EBF806460CE0214E1D
:105A10000AE0FCF7F9F8064606E00126F60303E083
:105A200000260120019000BF00BF002E19D0606A3F
:105A30004000194A115A3046FAF756FB6168490886
:105A4000401800906168FAF74FFB0746102F06D305
:105A50001248874203D8B8B22168C86001E001202B
:105A6000019001216A2001536820015300206067E2
:105A7000A067019805B0F0BDF369FFCFFFF4FF11F7
:105A800000380140401002400044004000480040FF
:105A9000004C00400024F40000B50108FFFF0000A6
:105AA000FFB581B004460D4617460A9E46E0701CBD
:105AB000002843D0FBF73EFD0499401AB04201D8BC
:105AC000002E02D1032005B0F0BD2068006804213B
:105AD0000840002832D0802D30D0402D2ED02068B4
:105AE000C06908210840C00800280FD0082021689C
:105AF00008622046FFF75EFE08219020015100BF9A
:105B000000218420015500BF0120DCE72068C06926
:105B10000121C9020840C00A00280FD008462168A8
:105B200008622046FFF746FE20219020015100BF69
:105B300000218420015500BF0320C4E72068C0690C
:105B40002840A84201D1012000E00020B842AED098
:105B50000020B8E710B5002416480068C06920216D
:105B60000840202813D113480068406AC4B2124884
:105B7000417A407A401CC2B20F484272BF38445446
:105B8000BF30407AC82802DB00210B484172094827
:105B90000068C069102108400009002806D01020C4
:105BA0000449096808620121034881720148FCF731
:105BB000A7FD10BDF0010020130A002010B5C82178
:105BC0000348FAF7D4FA00210148BF30417210BDF2
:105BD0005409002070B505460E46002404E0285DF7
:105BE00000F006F8601C84B2B442F8DB70BD00001F
:105BF00001B5012240210E48FBF795FC0023DB4351
:105C0000012269460B48FDF735F900BF09480068D5
:105C1000C0694021084080090028F7D0402005498C
:105C200009680862002240210148FBF77CFC08BD9E
:105C300000080050F001002010B50248FCF760FD9C
:105C400010BD000084020020F8B5044600260022A2
:105C5000012149032A48FBF766FC002201210903C0
:105C60002748FBF760FC2778641C08251EE080208D
:105C70003840002805D00122D1022148FBF753FC0F
:105C800005E000220121C9021D48FBF74CFC01225E
:105C900051031B48FBF747FC7806070E0022012141
:105CA00049031748FBF73FFC681EC5B2002DDEDC38
:105CB000082517E0012251031148FBF734FC700658
:105CC000060E012189030E48FBF724FC002801D0B1
:105CD000012006430022012149030948FBF723FC68
:105CE000681EC5B2002DE5DC2670012211030448B0
:105CF000FBF719FC012251030148FBF714FCF8BD26
:105D000000040050F8B504462678641C2778002269
:105D1000012149032C48FBF706FC0022012109035D
:105D20002948FBF700FC08251EE0802030400028B1
:105D300005D00122D1022448FBF7F5FB05E0002243
:105D40000121C9022048FBF7EEFB012251031E4846
:105D5000FBF7E9FB7006060E0022012149031A48F1
:105D6000FBF7E1FB681EC5B2002DDEDC08251EE056
:105D700080203840002805D00122D1021248FBF7CC
:105D8000D2FB05E000220121C9020F48FBF7CBFB43
:105D9000012251030C48FBF7C6FB7806070E0022D0
:105DA000012149030848FBF7BEFB681EC5B2002D60
:105DB000DEDC012211030448FBF7B5FB012251038D
:105DC0000148FBF7B0FBF8BD0004005030B4744646
:105DD000641E2578641CAB4204D3635D5B00E3184A
:105DE00030BC18471D46F8E710B5002819DB1A4AE1
:105DF00003231B02D21883089B00D2588307DC0EB2
:105E0000FF23A3409A438B071B0E8407E40EA34095
:105E10001A43114B032424021B198408A4001A51AD
:105E200018E00E4A03071B0F083B9B089B00D25843
:105E30008307DC0EFF23A3409A438B071B0E8407C6
:105E4000E40EA3401A43054B0407240F083CA408A2
:105E5000A4001A5110BD000000E100E01CED00E0BC
:105E6000EFF31080704702E008C8121F08C1002A33
:105E7000FAD170477047002001E001C1121F002ACB
:105E8000FBD1704780F310887047000070B503465F
:105E900000220E4E75690E4E36685E4334460B4E38
:105EA000B1690FE0094EB06988420BD0884202D236
:105EB0000E1AB21802E02E1A7618B2180146A24243
:105EC00000D300E0EEE700BF70BD000000E000E09E
:105ED00018000020FBF7E2FB564857498860FFF79F
:105EE000DBF9FEF72DFDFEF7A5FDFEF715FEFEF72B
:105EF0005FFEFEF7B5FD4B20C001FEF7A1FEFEF7E9
:105F000075FAFDF759FFFFF793F962B6FEF710FD3A
:105F1000FEF7E2FCFEF7F4FCEC20FAF7E1FA474961
:105F20000870A120FAF7DCFA00280CD0A120FAF7BB
:105F3000D7FA012807D00021A120FAF713FB00208F
:105F40003F49087004E0A120FAF7CAFA3C490870FA
:105F5000FDF7FAFCFEF7FAF96AE03848C030807ABB
:105F6000012852D1374800783749097888424CDAFD
:105F70003248C030417ABF38FFF728F9002837D1BE
:105F800009213248FFF726FEFEF7CAFCFEF7A4FC03
:105F9000FEF7B6FC2E4800882E49088001212E48C5
:105FA0000175FDF7D1FC1FE0294800882949488088
:105FB00008464088098888420EDD264840882549E1
:105FC0000988401A142807DD002123480175C820DC
:105FD0001C490870FEF7ACFC20480078002801D16D
:105FE000FAF7FEFAFEF794FE1B48007D0028DBD18D
:105FF000FDF7AAFC1148C030407A092805D30021DA
:106000000E48C0308172FFF7D9FD0E4800780E4966
:10601000097888420ADB11480078002801D1FAF794
:10602000DFFA00210C480175FEF780FAFDF78CFCC1
:1060300093E700000000010800ED00E05309002094
:106040003D00002006000020000000208500002008
:106050000800002002000020D30A002020000020B9
:10606000FFB581B005460E460A9F2888FF21090228
:10607000084015210902884204D0A9246401204661
:1060800005B0F0BD2878012808D100973146284690
:10609000049B039A00F046F8044602E0A924640138
:1060A00000BF00BF2046EBE70346082902D0A92025
:1060B00040017047024818805A600020F9E700004C
:1060C00001150000F8B507460C46002C03D0012C42
:1060D00001D01348F8BD6A460021786804F098FBA7
:1060E0000546002D01D02846F4E7002C04D0684670
:1060F000068840210E4303E068460688BF210E4013
:1061000068460088864209D032460021786804F04B
:10611000FDFB0546002D01D02846DBE70020D9E72E
:1061200021150000FFB583B005460F460C9E2020C8
:10613000694608720598487239462846FFF7C2FF3B
:106140000446002C02D0204607B0F0BDFF224532A5
:106150000221686804F0DAFB0446002C01D02046D6
:10616000F2E7069801960090022302AA00216868CF
:1061700004F029FB0446002C01D02046E4E7002F60
:1061800004D03088022806DA0448DDE73088002889
:1061900001D10248D8E70020D6E70000061500002C
:1061A00030B589B004460D46E8B20300FFF70EFE95
:1061B0000604071415231623104809B030BD03A8A0
:1061C00004A905AA00920191029006AB08AA022137
:1061D000606804F076FBF0E700BF00BF03A804A9E5
:1061E00005AA00920191029006AB08AA03216068FB
:1061F00004F067FBE1E72846DFE700000615000032
:10620000FFB585B004460F462120694608740798FB
:10621000487439462046FFF755FF0546002D02D049
:10622000284609B0F0BD164A0221606804F06EFBF2
:106230000546002D01D02846F3E70020009001908C
:10624000022304AA9903606804F0BDFA0546002DF4
:1062500001D02846E5E702A803A9009101906068F3
:10626000012189030E9B089A04F0ADFA0646002F1F
:1062700004D031462046FFF793FFD2E73046D0E7FF
:10628000204E0000FFB581B005460E460A9F2888C3
:10629000FF210902084015210902884204D0A924DF
:1062A0006401204605B0F0BD2878012808D1009788
:1062B00031462846049B039AFFF7A2FF044602E0FA
:1062C000A924640100BF00BF2046EBE7FFB583B0FF
:1062D00004460D9F0C9E2088FF2109020840FF21E3
:1062E0000131884203D0FF20213007B0F0BD207873
:1062F00008280AD10E98019700960290204604A91A
:106300000EC900F008F8054602E0FF25213500BF60
:1063100000BF2846E9E7F8B50E461446089F002559
:1063200000BF00260698002807D161782078FEF784
:10633000E7FE05460020388006E020780799FEF742
:10634000BFFE054602203880002D04D0FF20000249
:106350002840002801D02846F8BDE8B2FF300130BF
:10636000FAE770B505460C46022C02D0FF2021301A
:1063700070BDFF20093028800025FEF7BBFE0020FD
:10638000F6E770B504460E462088FF210902084052
:1063900001214902884202D01120400170BD2078BD
:1063A000012805D13146204600F068F8054602E094
:1063B00011256D0100BF00BF2846EFE7FFB583B090
:1063C00005460E460C9F2888FF210902084001213E
:1063D0004902884204D011246401204607B0F0BD70
:1063E000287801280AD10D98009701903146284657
:1063F000069B059A00F002FC044602E011246401A9
:1064000000BF00BF2046E9E770B504462088FF21A1
:106410000902084001214902884202D011204001AE
:1064200070BD2078012804D1204600F065FF0546A4
:1064300002E011256D0100BF00BF2846F0E7F8B566
:1064400004460E4617462088FF2109020840012114
:106450004902884202D011204001F8BD207801286D
:1064600006D13A463146204600F0ACFF054602E030
:1064700011256D0100BF00BF2846EEE7F3B583B0DC
:1064800005460498002808D0242104984855002186
:10649000482041550120009001E000200090242078
:1064A000405D0300FFF792FC082C05090D1115193A
:1064B000282C994E0A20019024E0984E0B20019040
:1064C00020E0974E0B2001901CE0964E0C2001908E
:1064D00018E0954E0B20019014E0944E0C20019092
:1064E00007221521284601F02BFE0446002C02D07D
:1064F000204605B0F0BD05E08D4E0B20019001E077
:106500008C48F6E700BF049800285BD098220F2142
:10651000284602F0CAFE0446002C01D02046E8E7D7
:1065200092221421284602F0C0FE0446002C01D01D
:106530002046DEE720221921284602F0B6FE044656
:10654000002C01D02046D4E703221A21284602F06D
:10655000ACFE0446002C01D02046CAE7FF221B21D6
:10656000284602F0A2FE0446002C01D02046C0E7D7
:1065700000221E21284602F098FE0446002C01D07D
:106580002046B6E75620425D07214903284601F020
:10659000D7FD0446002C01D02046AAE780220C211A
:1065A000284602F082FE0446002C01D02046A0E7D7
:1065B00000223421284602F078FE0446002C01D047
:1065C000204696E7009800281BD010212846263048
:1065D000F9F7CDFD002002900FE002988000375AB5
:1065E00002984000401C4000315A7A00284626306C
:1065F00081520298401C80B2029001990298884210
:10660000EBDB4420435B6A8F298F284601F06AFB4D
:106610000446002C01D020466BE7002002906AE07F
:1066200002988000375A3B00FFF7D0FB100C0D0E8C
:10663000333333333333090A33330F210B3300BF82
:1066400000BF00BF00BF00BF50E04820405D0028F1
:106650000CD1790028462630425A3946284601F0A6
:106660006FFD0446002C01D0204642E73EE0482062
:10667000405D01280CD1790028462630425A39461F
:10668000284601F05DFD0446002C01D0204630E78D
:106690002CE0287A00281BD0062F06D0072F05D023
:1066A0000B2F04D00C2F04D102E000BF00BF00BFAD
:1066B0000DE0790028462630425A3946284601F036
:1066C0003FFD0446002C01D0204612E700BF0CE03D
:1066D000790028462630425A3946284601F030FDD6
:1066E0000446002C01D0204603E700BF00BF0298FB
:1066F000401C80B2029001990298884290DB0122EE
:106700002E21284602F093FD0446002C01D020469D
:10671000EFE60020EDE6000098B50108C0B50108DD
:10672000ECB5010818B6010848B6010874B60108AE
:10673000A4B6010821020000F7B588B00C46154642
:10674000202C01D8402D02D90B480BB0F0BD0026FB
:1067500000276846057744770020022303900490C1
:106760000293059007A8334600220D21009701905F
:10677000089800F037F8E8E721020000FFB589B07B
:106780000C4616461D46002D02D115480DB0F0BD31
:10679000C02C04D360190321C902884201D91048D2
:1067A000F4E77019802801D90D48EFE70027002091
:1067B0000790211208A8017044708670C5700020EF
:1067C00004230390049008A90293059007983B4680
:1067D0000022019100900C21099800F003F8D5E700
:1067E00021020000FFB58DB00E461B9D00210B91CC
:1067F0000A910121C9030F980840002804D14910CB
:106800000F980840002802D0F84811B0F0BD802051
:106810003040002805D10C2E03D00D2E01D01F2EA4
:1068200002D10120069001E000200690002D01D049
:106830000020288003A80CAB04AA002100900D982A
:1068400001F0A0F80446002C01D02046DDE769469F
:1068500089891898884202DD81208000D5E71021BF
:10686000109808431090002211460D9802F01DFD6B
:106870000446002C01D02046C7E780210F9808402D
:10688000002807D10D9800F07FFD0446002C01D0B0
:106890002046BAE77F2206210D9802F006FD044645
:1068A000002C01D02046B0E77F2207210D9802F08E
:1068B000FCFC0446002C01D02046A6E718980028CE
:1068C0000FD0189A17990498F9F738FC0CAB189A5E
:1068D00004990D9802F0EFFB0446002C01D02046ED
:1068E00093E7069800283FD007AA08210D9802F0E8
:1068F0007FFC0446002C01D0204686E76846017FD5
:106900008020014007916846007F1099014307915C
:106910006846027F08210D9802F0C7FC0446002C4F
:1069200001D0204671E707AA09210D9802F060FC0A
:106930000446002C01D0204667E76946087F802185
:10694000084007904021169808436946097F08438C
:10695000079069460A7F09210D9802F0A6FC0446BB
:10696000002C01D0204650E710210F980840002845
:106970001ED007AA0E210D9802F03AFC0446002C06
:1069800001D0204641E76846017F1120014307916D
:106990006846017F2220014307916846027F0E214D
:1069A0000D9802F082FC0446002C01D020462CE712
:1069B000324600210D9802F078FC0446002C01D0EC
:1069C000204622E70698002801D1012000E000209F
:1069D00009901F2E03D080203040002801D00120D4
:1069E00000E0002008900AA90BAA169801920291D3
:1069F0000090109B089A09990D9802F04BFA0446F2
:106A0000002C01D0204600E70221169808400028FB
:106A100038D008A8007A0840002833D00022114658
:106A20000D9802F042FC0446002C01D02046ECE612
:106A30000D9800F0A9FC0446002C01D02046E4E6A5
:106A400007AA0E210D9802F0D3FB0446002C01D0BA
:106A50002046DAE66846017F032001430791684635
:106A6000017FCF20014007916846027F0E210D98DB
:106A700002F01BFC0446002C01D02046C5E65B4812
:106A80007E38C2E6BF211098084010901A9800285E
:106A90004CD0002D4AD000BF28880499421869467E
:106AA0008989081A80B20CAB014602900D9801F05A
:106AB00078F80446002C01D02046A6E628886946CE
:106AC000098E401828800BAA06210D9802F090FB31
:106AD0000446002C01D0204697E60AAA07210D980B
:106AE00002F086FB0446002C01D020468DE608A863
:106AF000007B10990840002805D108A8007A169953
:106B000008400028C8D06846008E0028C4D12988D3
:106B10001998814204DD002028808120800074E6DD
:106B20002A8804991A98F9F709FB07E00D9800F0F4
:106B30002BFC0446002C01D0204666E605AA0A215B
:106B40000D9802F055FB0446002C01D020465CE66F
:106B50006846007D08210840002801D07F2718E002
:106B60006846007D20210840002801D0042710E05D
:106B70006846007D40210840002801D0082708E031
:106B80006846007D80210840002801D0082700E0E9
:106B9000002710210F98084000281ED007AA0E21B8
:106BA0000D9802F025FB0446002C01D020462CE66F
:106BB0006846017F0320014307916846017FCF208B
:106BC000014007916846027F0E210D9802F06DFB8F
:106BD0000446002C01D0204617E6002F04D0FF20E9
:106BE00000023840002803D038460EE67F0200003D
:106BF000F8B2FF30FF30023007E60000FFB591B079
:106C000005461F4600210C910B9112988004800CC0
:106C1000002802D0F94815B0F0BD0121890312986F
:106C20000840002800D1E8821B98002802D00021EB
:106C30001B9801800121C90312980840002807D140
:106C40005A20405D012803D05A20405D02282DD1F2
:106C500004A805AB06AA01210090284600F0E5FE35
:106C60000446002C01D02046D5E7002F15D06846F9
:106C7000018A808A081AB84204DA0020E88281205A
:106C80008000C8E76A46928A069988183A4613999E
:106C9000F9F754FAE88AC019E8820121C903129869
:106CA0000840002801D00020B5E7002704A805AB64
:106CB00006AA01210090284600F0B7FE0446002CE9
:106CC00001D02046A7E76846808A00281DD1002F02
:106CD0001BD1012008900AAA2E21284602F088FA2A
:106CE0000446002C01D0204695E708A8017AF72039
:106CF00001400A9108A8027A2E21284602F0D5FA0E
:106D00000446002C03D0204685E70020089000228E
:106D10001146284602F0C9FA0446002C01D020464C
:106D200079E7284600F030FB0446002C01D02046CD
:106D300071E77F220621284602F0B7FA0446002CAC
:106D400001D0204667E77F220721284602F0ADFAEE
:106D50000446002C01D020465DE7688C6946898A8C
:106D6000884201DA688C01E06846808A10901098A9
:106D7000002819DD0FAB2846109A069902F09BF9FE
:106D80000646F0B2042803D0002E01D0304642E778
:106D90006846808F0699081806906846818A808F19
:106DA000081A81B2059100E00026F0B2042825D02F
:106DB000698C1098081AB84203DA698C1098081A7E
:106DC00000E0384680B210901098002816DD0FAB16
:106DD0002846109A139902F06EF90646F0B204287C
:106DE00003D0002E01D0304615E76946898F1398ED
:106DF000401813906946888F381A87B207220021FD
:106E0000284602F052FA0446002C01D0204602E740
:106E10004CE06846808A002803D1139806900597B5
:106E200000270CAA0621284602F0E2F90446002CAD
:106E300001D02046EFE608A8007C10210840002879
:106E400005D108A8007C08210840002814D00022A1
:106E50001146284602F088F90446002C01D020464D
:106E6000D9E6284600F090FA0446002C01D02046CE
:106E7000D1E662481638CEE60FAB6846828A2846CD
:106E8000069902F018F90646F0B2042803D0002E45
:106E900001D03046BFE66846808F069908180690F4
:106EA0006846818A808F081A81B205916846808A77
:106EB0000028AED1002FACD118200E9002200D90EA
:106EC0000BA90CAA0D9801920291009000220121B9
:106ED00028460E9B01F0DEFF0446002C01D0204620
:106EE00099E608A8007C10210840002822D108A8B3
:106EF000007C0221084000281CD14022062128469F
:106F000002F0D3F90446002C01D0204683E6552038
:106F10000E900BA90CAA0D980192029100900022EC
:106F2000012128460E9B01F0B5FF0446002C01D03C
:106F3000204670E6A88D002809D0002203212846AB
:106F400001F0FEF80446002C01D0204663E6002044
:106F5000E8820898002819D00AAA2E21284602F0B3
:106F600047F90446002C01D0204654E608A8017ACF
:106F7000082001430A9108A8027A2E21284602F02F
:106F800094F90446002C01D0204644E608A8007B72
:106F900002210840002835D008A8007CC007C00F97
:106FA00000282FD10AAA0E21284602F021F9044612
:106FB000002C01D020462EE608A8017A03200143C8
:106FC0000A9108A8017ACF2001400A9108A8027A04
:106FD0000E21284602F069F90446002C01D0204613
:106FE00019E65B20405D00280AD0284600F0A2F98F
:106FF0000446002C04D020460DE6000021020000CB
:10700000012600E000260020E88304A805AB06AABC
:1070100001210090284600F0B5FC0446002C01D068
:107020002046F8E5002E54D1BF210E9808400E905E
:1070300000BF0CAA0621284602F0DAF80446002C0C
:1070400001D02046E7E50BAA0721284602F0D0F838
:107050000446002C01D02046DDE56846808A06996A
:107060000A180FAB6846018A284600F09AFD0446CC
:10707000002C01D02046CEE56846818A808F081812
:1070800081B205916846018A808F081A81B2049105
:1070900008A8007C0E990840002805D108A8007BAC
:1070A0000D9908400028C4D06846808F0028C0D1C0
:1070B00009AA0A21284602F09BF80446002C01D0B8
:1070C0002046A8E508A8007908210840002801D03A
:1070D0007F267DE008A8007920210840002801D003
:1070E000042675E008A8007940210840002801D056
:1070F00008266DE008A8007910210840002801D07A
:10710000052665E008A800790421084000284ED033
:107110006846808A002801D1012659E003260AAA80
:107120000D21284602F064F80446002C01D02046C8
:1071300071E508A8007A80210840002805D008A839
:10714000007A4106490E0A9101E03F200A90684604
:10715000018A808A081881B2049108A8007AC110B7
:107160006846008A814204DD6846018A059104264A
:1071700003E008A8007AC110059108A8007A410729
:10718000490F0A9108A8007A00280BD06846818A26
:10719000008A814201D1042604E06846808A401CAE
:1071A00081B2059108A8017A5820415310E008A83F
:1071B000007902210840002801D0062608E008A82E
:1071C0000079C007C00F002801D0022600E0002689
:1071D000002E17D10AAA0C21284602F009F804460D
:1071E000002C01D0204616E508A8007A4107490F77
:1071F0000A9108A8017A5820415308A8007A00286B
:1072000000D07226002E13D0722E11D0002211460B
:10721000284602F04AF80446002C01D02046FAE441
:10722000284600F0B1F80446002C01D02046F2E4D4
:10723000288C6946898A4018E8831A98002802D069
:10724000A9691A9801601B98002802D0E98B1B9845
:1072500001804620405D012822D107AA31462846F8
:1072600000F0CEFA0446002C01D02046D3E446209C
:10727000405BFF2101310840002802D00798E864F4
:107280000EE00021C943E86C081A0799884203D22E
:107290000020C043E86403E0E86C07994018E86404
:1072A000002E04D0FF2000023040002801D03046DC
:1072B000B1E4F0B2FF30FF300230ACE438B505463F
:1072C0006A462821284601F093FF0446002C01D08D
:1072D000204638BD68460178F72001400091684695
:1072E00002782821284601F0E0FF0446002C01D056
:1072F0002046EEE70020ECE738B505466A4628212F
:10730000284601F075FF0446002C01D0204638BD08
:1073100068460178082001430091684602782821D8
:10732000284601F0C2FF0446002C01D02046EEE7BB
:107330000020ECE770B505462846FFF7BFFF04467E
:10734000002C01D0204670BD5020425B0121284610
:1073500001F022FD0446002C01D02046F3E7284628
:10736000FFF7CAFF0446002C01D02046EBE752206D
:10737000425B0121284601F00FFD0446002C01D09C
:107380002046E0E70020DEE738B505466A460221E0
:10739000284601F02DFF0446002C01D0204638BDC0
:1073A0006846017810200143009168460278022166
:1073B000284601F07AFF0446002C01D02046EEE773
:1073C0000020ECE7F0B585B005460F461446122FB5
:1073D00074D00CDC3B00FEF7F9FC12353637383F31
:1073E00083434445464748494F67A77A8483322FF1
:1073F00071D012DC2E2F6FD008DC132F6DD0142F1C
:107400006CD0152F6BD0162F6AD19FE02F2F22D072
:10741000302F71D0312FF7D1B5E0412F6DD008DC7E
:10742000332F6BD0342F6AD0352F69D0402FEBD15A
:10743000FBE0502F76D007204003381A73D0012884
:10744000E2D151E100BF00BF00BF790028462630DD
:10745000405A20804EE100BF5820405B208049E127
:1074600000BF00BF00BF00BF00BF00BF79002846BB
:107470002630405A20803DE14820405D002805D15B
:10748000790028462630405A20800CE04220405B9C
:10749000412802DD994805B0F0BD4220405B7D21C6
:1074A000C9004843208025E14820405D012806D1DD
:1074B000790028462630405A208007E021E040210C
:1074C000485B7D21C900F8F725FE208012E14620A7
:1074D000405B20800EE167E03CE02BE02EE031E0F5
:1074E00005E18749E86C884201D98448D3E7E86C14
:1074F00020800020E864FDE042E09AE065E075E06D
:1075000090E08049E86C884203D90020E8647B4819
:10751000C1E77D21C900E86CF8F7E6FD2080002076
:10752000E864E7E0D8E0DBE0790028462630405AFE
:107530002080DFE05020405B2080DBE05220405B79
:107540002080D7E05420405D2080D3E05520405D6E
:107550002080CFE004AA0B21284601F049FE064610
:10756000002E01D0304696E76846007C2021084076
:10757000002802D00020208001E001202080B9E016
:10758000288C2080B6E001A802AB03AA012100905C
:10759000284600F0F7F90646002E01D030467AE77B
:1075A000684680882080A5E001A802AB03AA0121DB
:1075B0000090284600F039FA0646002E01D03046E9
:1075C00069E768468088208094E001A802AB03AA9E
:1075D00001210090284600F028FA0646002E01D02E
:1075E000304658E768460089208083E001A802AB56
:1075F00003AA01210090284600F017FA0646002E43
:1076000001D0304647E75820405B69468988884268
:1076100002DB812080003EE75820405B0399085C34
:10762000208067E0688C208064E05A20405D2080E4
:1076300060E004AA3B21284601F0DAFD0646002E50
:1076400001D0304627E76846007C9A282AD00EDC15
:107650005A2830D006DC152836D01C2831D03A28DC
:1076600035D12BE0742823D07A2830D11DE0DA28D8
:107670000FD004DCAB2812D0CB2828D10CE0EB28AB
:1076800004D0FA2823D10020208023E0012020808C
:1076900020E0022020801DE0032020801AE004204A
:1076A000208017E00520208014E00620208011E0D3
:1076B000072020800EE0082020800BE00920208099
:1076C00008E00A20208005E00B20208002E00B4823
:1076D0005D30E0E600BF0DE05B20405D208009E00A
:1076E0005620405D208005E0287A208002E0034893
:1076F000401CD0E600BF0020CDE6000022020000C2
:10770000FFFF000018FCE703F0B505460E466C8F3E
:107710004420475B2420405D401EC1B22420405DD0
:107720000300FEF753FB0864050612192D32566458
:1077300000BFC800304BC0186300C05A1080002E34
:1077400002D010880F30108053E0C8002A4BC018B8
:107750006300C05A10804CE0C800274BC018234675
:107760000C3B5B00C05A1080002E08D00D2C03D1BA
:1077700010887830108002E010883C30108038E0AB
:10778000C8001D4B185A108033E0122C02D0132C65
:107790001BD10CE0012F04D1C800174B185A1080E0
:1077A00004E0C800144BC018808810800FE0012F3F
:1077B00005D1C800104BC0184088108004E0C800F4
:1077C0000D4BC018C088108001E00C48F0BD00BF10
:1077D0000FE0C800084BC0186300C05A1080002C8E
:1077E00004D1002E02D010880F30108001E0034831
:1077F000ECE700BF0020E9E7DEB701087F020000E8
:10780000F7B588B0154607AA1021089801F0F0FCDA
:107810000446002C02D020460BB0F0BD6846007F25
:10782000070207AA1121089801F0E2FC0446002C87
:1078300001D02046F0E76846007F074307AA1521DC
:10784000089801F0D5FC0446002C01D02046E3E75F
:107850006846007F0002069007AA1621089801F0EA
:10786000C7FC0446002C01D02046D5E76946097FB5
:107870000698084306900998C0B201281AD007AAB2
:107880001221089801F0B4FC0446002C01D02046D7
:10789000C2E76846007F060207AA1321089801F094
:1078A000A7FC0446002C01D02046B5E76846007FBF
:1078B000064300E0002607AA1721089801F098FC6B
:1078C0000446002C01D02046A6E76846007F00024F
:1078D000059007AA1821089801F08AFC0446002C9C
:1078E00001D0204698E76946097F0598084305902E
:1078F000B81B86B205990698401A80B205903846A2
:10790000F8F721FD014600901D48F8F7DEFC0290D3
:107910000598F8F718FD01900299F8F7D6FC049045
:107920003046F8F710FD16490190F8F7CEFC0290AA
:107930000499F8F734FC04900498F8F70BFD2860DC
:107940002868F8F700FD02900499F8F717FD02D2B5
:107950002868401C28600998C0B201280ED003AAEC
:1079600000210898FFF7D0FE0446002C01D02046E5
:1079700052E7694689892868401A286000204BE749
:10798000C3F55841F0B50446059D00290AD0268C60
:10799000A06980191060A08B268C801B2880E08B4A
:1079A000188040E000201880A6692069B04221D1EB
:1079B000E08A002802D1208C00281BD0208CE68A87
:1079C0008019268CB0420CDB208CE68A801926694F
:1079D00080191060208CE68A8019A68A301A2880C7
:1079E00021E0268CA06980191060A08B268C801B5A
:1079F000288018E0A08AE68A801BA68B278CF61BBD
:107A0000B04208DBE68A206980191060A08AE68A05
:107A1000801B288007E0268CA06980191060A08B4D
:107A2000268C801B28800020F0BDFFB581B0044665
:107A30000F4615460A9E002F14D0A169206988427E
:107A400008D1218C206940182860A08A218C401A16
:107A5000308003E020692860A08A3080E18A0498A1
:107A6000018008E000962A4639462046049BFFF72D
:107A700089FF05B0F0BD0020FBE70000F0B504462B
:107A8000089E069D5C2902D011204001F0BD002D0A
:107A900001D0002E01D12048F8E70598401C059040
:107AA000681E85B20798401C0790701E86B21A485F
:107AB00020382080626000202072E36005982061F9
:107AC000A5820020E0820798A061A6830020E083C1
:107AD0002084012024273855002046273853482782
:107AE0003855E0640520502738535227385300207A
:107AF000542738555527385556273855FF20608468
:107B00000020582738535A2738555B2738554427C3
:107B1000385300BFBAE7000021020000FFB581B072
:107B200016461F4601984030807E012811D100245E
:107B30000CE03A190299019801F05AFB0546002D14
:107B400002D0284605B0F0BD601C84B2B442F0DB20
:107B500025E001984030807E022810D100240BE0FF
:107B60003A190299019801F043FB0546002D01D016
:107B70002846E7E7601C84B2B442F1DB0FE0002442
:107B80000BE03A190299019801F032FB0546002DED
:107B900001D02846D6E7601C84B2B442F1DB002055
:107BA000D0E7FFB583B00F461D4602AA0421039813
:107BB00001F01EFB0646002E02D0304607B0F0BD95
:107BC0006846007A01906846007A002813D103982D
:107BD0004030807D01280ED102AA0221039801F0D5
:107BE00007FB0646002E01D03046E7E76846007ADC
:107BF0008007800D01900198B84202DD2F80042497
:107C000002E0019828800024288800280ADD2A88BC
:107C10000521059B0398FFF781FF0646002E01D042
:107C20003046CBE7E0B2042807D10398FFF7ACFB5E
:107C30000646002E01D03046C0E7002C04D0FF20BD
:107C400000022040002801D02046B7E7E0B2FF3014
:107C5000FF300230B2E7F7B586B004460F465A202F
:107C6000005D002806D1802038436946087401254C
:107C7000012616E05A20005D012807D17806000E83
:107C8000401C69460874012502260AE05A20005D5E
:107C9000022804D1684607740125012601E0002569
:107CA000002603A804A90096019102902B4604AA7D
:107CB00000216068FEF70AFB05900598002802D0B5
:107CC000059809B0F0BD5A20005D012804D168462E
:107CD000417C0898017003E06846017C08980170B7
:107CE0000020EEE7FFB587B0064600200490242070
:107CF000805D0300FEF76AF808F505417C99CDDD4B
:107D0000F4F50898002806D0012809D002280CD0E4
:107D1000032814D10EE000200590F648049011E0ED
:107D200001200590F44804900CE002200590F348EF
:107D3000049007E003200590F148049002E0F14828
:107D40000BB0F0BD00BF0998002806D0012807D06D
:107D5000022808D003280CD108E00025E54C0AE0F1
:107D60000125E54C07E00225E44C04E00325E44C42
:107D700001E0E448E4E700BFFBE00898002806D0F3
:107D8000012809D002280CD0032814D10EE00420C9
:107D90000590DD48049010E005200590DB48049034
:107DA0000BE006200590DA48049006E007200590D5
:107DB000D848049001E0D348C2E700BF09980028E2
:107DC00006D0012807D0022808D003280CD108E0EB
:107DD0000425CD4C0AE00525CC4C07E00625CC4C0B
:107DE00004E00725CB4C01E0C648A9E700BFC0E08E
:107DF00009990898884201D0C248A1E70024089850
:107E0000012802D002280CD105E0082005900825A1
:107E1000C148049007E0092005900925BF48049057
:107E200001E0B8488CE700BFA3E000200490089868
:107E30000A2802D00B2806D102E00C20059004E0AD
:107E40000A20059001E0AF487AE700BF09980C28A6
:107E500017D00D2804D00E2814D00F2815D10DE00E
:107E60000A98002801D10A2506E00A98012801D1C4
:107E70000C2501E0A34863E7A94C08E00B25A94CB9
:107E800005E000BF9F48801C5AE79E4858E700BFA6
:107E90006FE000240898102808D10998102805D10F
:107EA0000D2005900D25A048049001E0954847E776
:107EB0005FE00898112801D0924841E70A9801280C
:107EC00004D00A98022801D08E4839E70020049097
:107ED0000E2005900998122804D0132814D10AE026
:107EE00016E044E00A98012802D10E258F4C01E0EB
:107EF00010258F4C0AE00A98012802D10F258D4CDD
:107F000001E011258C4C01E07E4819E700BF30E00C
:107F10000898002804D0012807D002280FD109E0D2
:107F200000200590734804900BE0082005907A48E3
:107F3000049006E0092005907848049001E071481B
:107F4000FEE600BF0998002804D0012805D00228C9
:107F500009D105E00025674C07E008256E4C04E0D8
:107F600009256E4C01E06748EAE600BF01E065487C
:107F7000E6E600BF2A466846017D3046FEF7DCFB98
:107F80000746002F01D03846DAE6307A002819D0AB
:107F9000F068007800020390F06840780399084385
:107FA0000390F06880780290F068C07801903046C5
:107FB000019B029A0399FEF7E1FB0746002F6AD066
:107FC0003846BDE6002006904FE00498002820D0F7
:107FD00006990498405C0090002C23D057490698DD
:107FE000085C2D380300FDF7F1FE0D081212121285
:107FF0001212090A0B0C0D0E120000BF00BF00BFC9
:1080000000BF00BF00BF0698205C009000E000BFEA
:1080100008E0002C03D00698205C009002E039486C
:108020005E308DE645490698085C28280DD105AAE2
:108030002821304601F0DCF80746002F01D03846F1
:108040007EE608210098084300903C4A0698115C9F
:108050003046009A01F029F90746002F01D0384632
:108060006EE60698401C80B2069006980F28ACD3A6
:10807000F28F0C21304600F0DBFB0746002F01D0C9
:1080800038465DE6B18E304600F0F0FD0746002F21
:1080900001D0384654E60898308709987087F28CEA
:1080A0000021304600F0C4FB0746002F01D03846BF
:1080B00046E6328D0121304600F0BAFB0746002F1C
:1080C00001D038463CE6728D0221304600F0B0FB0C
:1080D0000746002F01D0384632E6B28D03213046E4
:1080E00000F0A6FB0746002F01D0384628E6002006
:1080F00026E60000DFB60108EEB60108FDB601086D
:108100000CB70108210200001BB701082AB70108BB
:1081100039B7010848B7010857B7010866B7010821
:1081200075B7010884B7010893B70108A2B7010821
:10813000C0B70108B1B70108CFB70108D0B6010830
:10814000F7B586B0044615460798102872D00BDCA8
:108150000300FDF73BFE10303132338345708699C2
:10816000C3F3F134F0EFEE83332873D010DC16281C
:1081700071D006DC13286FD014286ED015286DD16D
:108180007BE12E286BD02F286AD03028F7D159E216
:1081900041286FD006DC34286DD035286CD04028BB
:1081A000EDD1A8E2502868D007214903401A75D0C4
:1081B0000128E4D126E300BF00BF00BF00BF2A466C
:1081C0002046079900F034FB0646002E02D03046C8
:1081D00009B0F0BD0798410020462630455221E302
:1081E000072D01D9F948F3E704AA0C21204600F035
:1081F000FFFF0646002E01D03046E9E76846007CC6
:108200008F21084007462807000E07436846007C78
:10821000874209D03A460C21204601F046F806462E
:10822000002E01D03046D3E7079841002046263083
:108230004552F7E2F2E02946204600F0CBFC064624
:10824000002E01D03046C3E7079841002046263073
:108250004552E7E20CE281E105E10BE1DFE2D0E12A
:10826000EDE12946204600F001FD0646002E05D02E
:108270003046ADE747E211E22BE282E20798410087
:10828000204626304552CDE204AA0C21204600F0BB
:10829000AFFF0646002E02D0304699E77BE2002D64
:1082A00004D16846077C80210F4303E06846007CC8
:1082B00047067F0E6846007C874209D03A460C216B
:1082C000204600F0F2FF0646002E01D030467FE740
:1082D00007984100204626304552A3E22420005D45
:1082E000032801D1059501E0608F05902420005DF1
:1082F000072806D1002D02D10121E18701E00021EC
:10830000E1874420035B29462046059AFFF7EAFCF3
:108310000646002E01D030465AE72420005D03288F
:1083200001D10598608707984100204626304552C4
:1083300078E24EE14EE04CE020E0FFE72420005DD3
:10834000032801D1059501E0208F05904420035BAF
:108350002A4620460599FFF7C5FC0646002E01D0A7
:10836000304635E72420005D032801D10598208799
:108370000798410020462630455253E2202D01DB6C
:10838000924825E7ED06ED0E04AA2921204600F0CB
:108390002FFF0646002E01D0304619E76846007CC4
:1083A000E0210840E9B207460F436846007C874257
:1083B00009D03A462921204600F077FF0646002ED4
:1083C00001D0304604E70798410020462630455248
:1083D00028E200BF07980D280DD12A46002120462B
:1083E00000F06CFB0646002E01D03046F0E600217E
:1083F000482001550CE02A460121204600F05EFB92
:108400000646002E01D03046E2E601214820015503
:108410000798410020462630455203E22846FF21B6
:1084200009020840002804D0FF380138002802D192
:1084300000E000BF01E06548CAE600BFE8B20028DE
:1084400004D0012803D0022809D105E000BF002094
:10845000E0644620055304E05C48801CB8E65B48B5
:10846000B6E600BFDEE1002D01D15848B0E650204D
:108470000553D7E152200553D4E12420005D05289F
:108480000AD02420005D042806D02420005D0628A0
:1084900002D04E48001D9BE62B00FDF797FC081DFF
:1084A00005061E070E15161E00BF00BF2420005D26
:1084B000052801D045488BE612E02420005D042801
:1084C00001D0424884E60BE000BF2420005D06286E
:1084D00001D03E487CE603E002E03C48801C77E6A1
:1084E00000BF5420055504AA3321204600F080FE29
:1084F0000646002E01D030466AE66846077CFC211D
:108500000F405420005D0300FDF760FC08170508CC
:10851000170B0E111417032007430FE00120074328
:108520000CE00220074309E00320074306E0012096
:10853000074303E00220074300E000BF00BF684696
:10854000007C874209D03A463321204600F0ADFE38
:108550000646002E01D030463AE663E12420005D55
:10856000052802D01948001D32E6002D02D0032D47
:1085700001D100BF01E015482AE600BF552005558E
:1085800004AA3321204600F033FE0646002E01D017
:1085900030461DE66846077CF3210F405520005DFC
:1085A000032802D10C20074300E000BF00BF68464B
:1085B000007C87420CD03A463321204600F075FEFD
:1085C0000646002E04D0304602E6000021020000DC
:1085D00028E12420005D042805D02420005D062821
:1085E00001D09248F4E5628F218F2B462046FFF799
:1085F00079FB0646002E01D03046E9E544200553BC
:1086000010E1002D1AD004AA0B21204600F0F0FD45
:108610000646002E01D03046DAE56846077CDF21A9
:108620000F40007C874209D03A460B21204600F0DB
:108630003CFE0646002E01D03046C9E5F2E0582047
:108640000553EFE001A802AB03AA012100902046E8
:10865000FFF798F90646002E01D03046B8E5684687
:108660008088854202DB81208000B1E52584D9E045
:1086700001A802AB03AA012100902046FFF7D5F91B
:108680000646002E01D03046A2E568468088854225
:1086900002DD812080009BE5E582C3E001A802ABFA
:1086A00003AA012100902046FFF7BFF90646002EDD
:1086B00001D030468CE55820005B694689888842A5
:1086C00002DB8120800083E55820005B039A15546B
:1086D000A8E05620005D002801D1FF2D06DC5620C1
:1086E000005D012805D14002854202DD4F48001F90
:1086F0006EE5658496E0022D02D94C48001F67E5BF
:108700005A2005558EE02B00FDF760FB0C070A0D83
:10871000101316191C1F2225282BFA20049023E081
:10872000EB20049020E0DA2004901DE0CB200490A0
:108730001AE0AB20049017E09A20049014E07A200D
:10874000049011E0742004900EE05A2004900BE095
:108750003A20049008E01C20049005E015200490C5
:1087600002E03248001F33E500BF6846027C3B212F
:10877000204600F09AFD0646002E01D0304627E53F
:1087800050E0002D03D100215B20015502E00121C2
:108790005B20015546E0002D18D190220221204691
:1087A00000F083FD0646002E01D0304610E5608CB7
:1087B000FF2801D9FF206084FE220321204600F01B
:1087C00074FD0646002E1AD0304601E5012D13D166
:1087D00014220221204600F068FD0646002E01D03A
:1087E0003046F5E4FF220321204600F05EFD0646F8
:1087F000002E04D03046EBE40C48001FE8E456207D
:1088000005550FE0002D07D0E068002801D107488A
:10881000DEE40120207201E00020207202E0034823
:10882000801ED5E400BF0020D2E400002502000035
:10883000F7B582B006461746039802287ED004DCBE
:10884000002807D001287AD150E0032878D00C28DE
:10885000F9D1C7E001AA3321304600F0C9FC054632
:10886000002D02D0284605B0F0BD2420805D0728E9
:1088700021D168460479308F00280BD1002F04D114
:10888000684600794406640E04E068460079802159
:1088900008430446708F002819D1002F05D168467F
:1088A0000079BF210840044611E068460079402164
:1088B000084304460BE0002F04D168460079840683
:1088C000A40E04E068460079C021084304466846C7
:1088D0000079844209D022463321304600F0E5FC7D
:1088E0000546002D01D02846BDE7D9E001AA2C217C
:1088F000304600F07DFC0546002D01D02846B2E749
:10890000002F04D168460479FE210C4009E02420A0
:10891000805D062801D17A2401E0684604790120AF
:1089200004436846007984420DD022462C2130460B
:1089300000F0BBFC0546002D05D002E004E0ACE0F1
:108940002CE028468FE7ABE001AA2D21304600F04D
:108950004FFC0546002D01D0284684E7002F04D1A6
:1089600068460479FE210C4009E02420805D062839
:1089700001D17A2401E06846047901200443684665
:108980000079844209D022462D21304600F08DFC2A
:108990000546002D01D0284665E781E0072F01D963
:1089A000414860E701AA2E21304600F021FC05462F
:1089B000002D01D0284656E768460179F82001408D
:1089C0000191F9B268460079014301916846027944
:1089D0002E21304600F069FC0546002D01D02846C6
:1089E00041E75DE001AA2821304600F001FC054680
:1089F000002D01D0284636E768460479F8210C405E
:108A0000002F02D10720044338E02420805D012894
:108A100025D1308F002806D001280AD002280ED098
:108A2000032818D111E021480078F72108400443B9
:108A300014E01F480078F721084004430EE01D4869
:108A40000078F7210840044308E01B480078F7212C
:108A50000840044302E014485E3004E70EE024209E
:108A6000805D072808D1308F002805D10F48007895
:108A7000F7210840044301E00120044368460079DF
:108A8000844209D022462821304600F00EFC0546DB
:108A9000002D01D02846E6E602E003485E30E2E61B
:108AA00000BF0020DFE6000021020000DFB6010861
:108AB000EEB60108FDB601080CB70108F7B584B0A1
:108AC0001746059800284AD102AA01210498FEF70A
:108AD0001BFE0446002C02D0204607B0F0BD6846BD
:108AE0000089F7F730FC01903846F7F72CFC00902E
:108AF0000199F7F754FB039032490398F7F7A8FB65
:108B000031490190F7F744FC14D32E490398F7F745
:108B10009FFB03900398F7F71DFC85B22846F7F7F3
:108B200012FC01900399F7F729FC01D3681E85B266
:108B300000261DE0802525490398F7F7C6FB039022
:108B40000398F7F707FC86B23046F7F7FCFB019075
:108B50000399F7F713FC0BD3701E86B208E01C4D87
:108B6000002F03DD781E80B2074600E03846064637
:108B70002A121021049800F098FB0446002C01D022
:108B80002046AAE7EAB21121049800F08EFB0446C1
:108B9000002C01D02046A0E732121521049800F0E5
:108BA00084FB0446002C01D0204696E7F2B2162141
:108BB000049800F07AFB0446002C01D020468CE794
:108BC00000208AE7C3F5584100FF7F473D0A17415F
:108BD000F8340000F8B506460C46708F00900098F7
:108BE0000D281DD008DC00280FD001280ED0022847
:108BF0000DD0032824D10BE00F280AD0102810D064
:108C0000122815D013281BD113E000BF00BF00BFEE
:108C100000BF3F2C01D91448F8BD6004040C12E0D9
:108C200000BF1F2C01D91048F6E7A004040C0AE08D
:108C300000BF3F2C01D90C48EEE76004040C02E0B1
:108C400009485E30E8E700BFE7B280210F433A46AB
:108C50003621304600F029FB0546002D01D028467C
:108C6000DAE70020D8E7000021020000F0B585B067
:108C700007460C46388F029002980A2821D008DC5B
:108C800000280DD001280CD002280BD003281FD1BA
:108C900009E00B2816D0102816D0112818D115E09D
:108CA00000BF00BF00BF0298F7F74DFB7F21C90549
:108CB0000090F7F774FA34490190F7F7C9FA0546BE
:108CC00009E000BF314D06E02F4D04E02E4D02E0DB
:108CD0002F4805B0F0BD00BF2046F7F734FB29460A
:108CE0000190F7F7F2FA05462846F7F733FB84B20E
:108CF0002046F7F728FB29460190F7F73FFB01D202
:108D0000601C84B2082C03D92046083884B200E0E5
:108D100000242048844202DD1D485E38D9E703AABA
:108D20003121384600F064FA0646002E01D0304664
:108D3000CFE76846017BC020014303916846017B71
:108D4000C720014003916011382108406946097B22
:108D50000843039069460A7B3121384600F0A5FAA2
:108D60000646002E01D03046B3E7E1B203916846D3
:108D7000027B3221384600F098FA0646002E01D0D8
:108D80003046A6E70020A4E73D0A97403D0A174178
:108D90007F020000FF070000F0B585B005460E46D3
:108DA0001746002E04D0012E02D0394805B0F0BD80
:108DB0003A4631462846FFF781FE0446002C01D092
:108DC0002046F3E704AA0E21284600F011FA0446D3
:108DD000002C01D02046E9E77F220721284600F039
:108DE00064FA0446002C01D02046DFE76846017C87
:108DF0001120014304916846017C22200143049123
:108E00006846027C0E21284600F04FFA0446002CEA
:108E100001D02046CAE703A8002102220B46009297
:108E2000019102900A460121284600F033F80446D9
:108E3000002C01D02046B9E76846017CCF200140D4
:108E400004916846027C0E21284600F02EFA044662
:108E5000002C01D02046A9E74820405D00280AD117
:108E60004020425B00212846FFF728FE0446002CE4
:108E70000CD020469AE74220425B01212846FFF7AA
:108E80001DFE0446002C01D020468FE700208DE710
:108E900021020000FFB583B017461E46002E05D103
:108EA0000C98002802D1614807B0F0BD0498002852
:108EB0003DD002AA0821039800F09AF90446002C3C
:108EC00001D02046F0E701AA0921039800F090F9AB
:108ED0000446002C01D02046E6E76846017A80204F
:108EE000014002916846017A31430291027A0821D9
:108EF000039800F0DAF90446002C01D02046D3E7AD
:108F00006946087980210840019040210C98084367
:108F1000694609790843019069460A79092103984D
:108F200000F0C3F90446002C04D02046BCE70296AA
:108F30000C98019000BF002F25D06A4600210398AD
:108F400000F056F90546E8B2012819D0002D01D0ED
:108F50002846A9E7684600788021084000280CD1FF
:108F60006A460721039800F043F90546E8B2012854
:108F700013D0002D11D0284696E7002000900CE079
:108F80000020009009E06A460721039800F030F9BC
:108F90000446002C01D0204686E768460078402130
:108FA00008400028C7D0002F09D000BF002211467A
:108FB000039800F07AF90546E8B20128F6D0684631
:108FC000017A8020014002916846027A08210398C4
:108FD00000F06BF90446002C01D0204664E7684697
:108FE00001798020014001916846027909210398A6
:108FF00000F05BF90446002C01D0204654E70E989F
:10900000002803D0684601780E9801700D9800285A
:1090100009D006210D9A039800F0EAF80446002CC6
:1090200001D0204640E700203EE700007F0200001C
:10903000FFB581B016461F4601984030807E01285A
:1090400011D100240CE0325D0299019800F02DF955
:109050000546002D02D0284605B0F0BD601C84B244
:10906000BC42F0DB25E001984030807E022810D120
:1090700000240BE0325D0299019800F016F90546D4
:10908000002D01D02846E7E7601C84B2BC42F1DB2A
:109090000FE000240BE0325D0299019800F005F921
:1090A0000546002D01D02846D6E7601C84B2BC429C
:1090B000F1DB0020D0E7FFB581B015466A460421F8
:1090C000019800F095F80746002F02D0384605B009
:1090D000F0BD6846067801984030807D01281CD19B
:1090E0006A460221019800F083F80746002F01D05C
:1090F0003846ECE7684600788007800D801986B214
:1091000001204002801BA84205DA01204002801B9A
:1091100085B204240BE0002409E0FF20801BA84254
:1091200004DAFF20801B85B2042400E00024002D17
:109130000ADD2B460521029A0198FFF779FF0746C1
:10914000002F01D03846C2E704980580002C04D0D7
:10915000FF2000022040002801D02046B7E7E0B2FF
:10916000FF30FF300230B2E7F7B586B004460D4657
:109170005A20005D002803D16D066D0E01260EE019
:109180005A20005D012803D16806050E002606E07E
:109190005A20005D022801D1002600E00026684622
:1091A000057569460898487504A805A900960191B7
:1091B0000290022305AA00216068FDF787F80746A0
:1091C000002F02D0384609B0F0BD5A20005D0028BB
:1091D00005D16846007DA84206D00448F3E75A202E
:1091E000005D012800D000BF0020ECE70B0200006A
:1091F000F8B504460E4617462088FF2109020840AC
:1092000001214902884202D011204001F8BD207896
:10921000012806D13A4631462046FEF71CFD054698
:1092200002E011256D0100BF00BF2846EEE7F8B54A
:1092300004460E4617462088FF21090208400121F6
:109240004902884202D011204001F8BD207801284F
:1092500006D13A4631462046FEF772FF054602E047
:1092600011256D0100BF00BF2846EEE7F8B50446A2
:109270000E4617462088FF210902084001214902B5
:10928000884202D011204001F8BD2078012806D183
:109290003A4631462046FFF77FFD054602E011259C
:1092A0006D0100BF00BF2846EEE7F8B504460E4644
:1092B00017462088FF2109020840012149028842FF
:1092C00002D011204001F8BD2078012806D13A468D
:1092D00031462046FFF748FF054602E011256D01A3
:1092E00000BF00BF2846EEE7FFB583B004460D9FE0
:1092F0000C9E2088FF2109020840032109028842B0
:1093000003D01920400107B0F0BD207801280AD110
:109310000E98019700960290204604A90EC900F00D
:109320004DF8054602E019256D0100BF00BF284633
:10933000E9E7FFB583B004460E460C9F2088FF2165
:109340000902084003210902884203D01920400184
:1093500007B0F0BD207801280AD10D980097019040
:1093600031462046069B059A00F0ACFA054602E01D
:1093700019256D0100BF00BF2846E9E7F8B504468E
:109380000E4617462088FF210902084003210902E2
:10939000884202D019204001F8BD2078012806D16A
:1093A0003A463146204600F09DFA054602E019256E
:1093B0006D0100BF00BF2846EEE70000FFB589B091
:1093C00007461446002C08D0042C06D0072C04D0E5
:1093D0000A2C02D059480DB0F0BD002003900026A1
:1093E00000211298017014980170002C05D104A975
:1093F000384600F09DFA054604E004A9384600F01E
:1094000026FB0546E8B2032803D101211498017018
:1094100003E0002D01D02846DDE7002006907CE027
:109420000698002804D0012805D0022809D105E0BB
:109430009320079008E09520079005E0972007907B
:1094400002E03E485E30C6E700BF301D844208D1CE
:109450000A988119042203A8F6F770FE40200590AF
:1094600013E0301D84420EDD8821684601730A989E
:109470008119032203A80130F6F760FEF01CC6B282
:109480004021059101E0002005902BE005A803A9EB
:10949000009101906846037D03AA3846079900F0C1
:1094A0004FF80546E8B2032818D10121149801703D
:1094B0006846007D4007400F072805DA6846007DB2
:1094C000401CC1B205910DE06846007DF0210840C6
:1094D0000011401C0007010E059103E0002D01D092
:1094E000284678E76846007D4028CFD103AA384651
:1094F000139B079900F09CFA08900898002801D067
:10950000089868E71398007804210840002800D1E3
:1095100007E00698401CC0B206900698032800DABF
:109520007EE700BFBA7C394608310C98F6F706FE94
:10953000B97C1298017000204DE700002103000063
:10954000FFB58DB0044617461E46402E03DC30079B
:10955000000F072802DDDA4811B0F0BD0E989328FD
:1095600004D0952805D0972805D103E00020A074E9
:1095700000BF00BF01E0D248EEE700BF0020E0746A
:10958000402E14D00B90002201216068FFF74FFE9F
:109590000546002D01D02846DEE700220221606842
:1095A000FFF745FE0546002D17D02846D4E70120D9
:1095B0000B90012211466068FFF739FE0546002D29
:1095C00001D02846C8E7012202216068FFF72FFE7C
:1095D0000546002D01D02846BEE708A90E9808715F
:1095E000052109A80230F6F7C2FDF0203040001135
:1095F0003107090F002901D0012100E000214018A6
:109600000790394609A80230079AF6F797FD0798A0
:10961000801C80B207900B9800280DD05026387817
:1096200079784840B9784840F978484008A9887264
:109630000798401C80B207903046203008A9487136
:109640007207520F05216068FFF7F1FD0546002DF6
:1096500001D0284680E77207520F03216068FFF7A8
:10966000E6FD0546002D01D0284675E701220821B8
:109670006068FFF7DCFD0546002D01D028466BE74A
:1096800006A808A9009101906068029009AA00212B
:10969000079BFCF793FE0C90002208216068FFF7FF
:1096A000C6FD0546002D01D0284655E700220521BC
:1096B0006068FFF7BCFD0546002D01D028464BE74A
:1096C0000B9800280DD10C98C0B2032809D105AA27
:1096D00004216068FCF7B3FE0546002D0FD0284634
:1096E0003AE70C98C0B2722802D175481B3833E7AC
:1096F0000C98002801D00C982EE7002005900B98BC
:1097000000287BD1F0203040001104903011C100BE
:109710006846008BC00009186846808A0818C0B2E5
:1097200003906846808A002803DD03980838C0B299
:1097300003900398C010010103984007400F0818D8
:10974000C1B21798017017980078502802DD5C4864
:109750001B3801E70C98C0B2002806D11798007892
:10976000502802D056481B38F6E66846008B002881
:1097700020DD7007400F00280BD00498801C09A939
:10978000095C0898007801430498801C09AA1154C8
:1097900005E0089801780498801C09AA11546946CC
:1097A000098B4A1E0499C91C09ABC8180899491CA1
:1097B000F6F7C4FC17980078402820DD1798007849
:1097C000502802DA3E481C38C6E64021179801703E
:1097D0006846008B401E81B2069108A88179C07945
:1097E000484008A9097A484008A9497A484008A988
:1097F000897A884203D032481C38ADE609E06946D0
:10980000098B0498421809A902311698F6F796FCBC
:1098100045E06846008B012802D029481B389BE6AA
:109820000898007804210840002817D00E9897283F
:1098300002D123481B388FE63878882802D0204888
:109840001B3889E6A27C2146083150180322791C76
:10985000F6F774FCA07CC01CA0741CE03878882843
:1098600002D117481B3877E6A27C214608315018F0
:1098700004223946F6F762FCA07C001DA07401208A
:10988000E0740A220E216068FFF7D1FC0546002D26
:1098900001D0284660E608980178169801700C9867
:1098A000002805D0FF2109020C980840002801D0AB
:1098B0000C9851E60C98C0B20321090240184BE6FF
:1098C00021030000FFB583B004460D460D9F0C9E9A
:1098D0000197009660682946069B059AFCF76EFD85
:1098E00007B0F0BD70B504460D461646E07C002872
:1098F00001D1064870BDA27C214608312846F6F702
:109900001DFCA07C30700020F4E70000250300005F
:109910000346142902D019204001704703481880DB
:109920005A6000209874D87400BFF6E70103000065
:1099300070B505460C4622462621284600F002F85E
:1099400070BD0000F0B585B004460E4617460122F2
:109950002E216068FFF76BFC0546002D02D02846DB
:1099600005B0F0BD002209216068FFF760FC0546E4
:10997000002D01D02846F3E700220A216068FFF796
:1099800056FC0546002D01D02846E9E791220D211D
:109990006068FFF74CFC0546002D01D02846DFE744
:1099A000082206216068FFF742FC0546002D01D021
:1099B0002846D5E7002201216068FFF738FC0546FC
:1099C000002D01D02846CBE7002202216068FFF776
:1099D0002EFC0546002D01D02846C1E707220321B1
:1099E0006068FFF724FC0546002D01D02846B7E744
:1099F000049602A803A900910190012304AA002162
:109A00006068FCF7DBFC0546002D01D02846A7E77F
:109A100068460089022805D103980178397040789A
:109A2000787001E001489BE7002099E706030000F9
:109A3000FEB505460E4617461C4602A840233A4688
:109A40003146009401902846FFF77AFDFEBD70B5BF
:109A500005460C46224652212846FFF773FF70BD8B
:109A6000FFB583B004460E460C9F2088FF210902F3
:109A7000084003214902884203D03120400107B049
:109A8000F0BD207801280AD10D9800970190314649
:109A90002046069B059A00F0E5F8054602E03125D0
:109AA0006D0100BF00BF2846E9E7F0B50746089DF5
:109AB000079C0226059830432070012028800698D4
:109AC000002803D02078102630432070002F07D0C4
:109AD00020780826304320702E88701C2880A155DD
:109AE000002A07D020780426304320702E88701C6E
:109AF0002880A3550020F0BDF0B50746069D059CC3
:109B0000A2201043207001202880002B03D1207850
:109B1000102630432070002F07D0207808263043CD
:109B200020702E88701C2880A1550020F0BDF0B553
:109B30000746069D059CC220207001202880002F2A
:109B400007D020780826304320702E88701C28808B
:109B5000A155002A08D020783026304320702E8866
:109B6000701C2880A35501E0207820700020F0BDF3
:109B7000F0B589B0044607A808A900910190A17A20
:109B8000607A00231A460290FFF7D1FF0646002EA6
:109B900002D0304609B0F0BD304A0D216068FFF7B1
:109BA00046FB0646002E01D03046F3E7607C401CA1
:109BB00003900020049000BF05A806A90091019021
:109BC00069468B8B08AA00216068FCF7F7FB054605
:109BD000E8B2012808D0E8B2022805D0E8B205288A
:109BE00002D0E8B2032801D1012000E0002007469E
:109BF000002F1ED1002D01D02846CBE70120049074
:109C00006846818A808B814212D1607A002805D013
:109C1000069840788006800E069948706846828AC9
:109C200008A80699F6F7AEFA002802D00C4D00E01D
:109C30000B4D002F05D00398401E80B203900028E2
:109C4000BAD1E8B2002807D0607C002804DD04986F
:109C5000002801D00D25ED0128469BE71D130000CB
:109C600006060000FFB599B004460D46239F00206C
:109C700011900990FE482840002802D0FD481DB0F0
:109C8000F0BD2298002801D106A82290002F00D113
:109C900007AF0FAA31216068FCF7D1FB0646002E02
:109CA00001D03046EBE70EAA32216068FCF7C7FB13
:109CB0000646002E01D03046E1E7A07B4000EE4989
:109CC000085A0B90E07B4000085A801E80B20A9030
:109CD0002807000F022803D02807000F032802D10D
:109CE0008220207206E0207A0007000F012801D0B0
:109CF00001202072002038800890179000BF0020BB
:109D00000D901090207A0007000F012802D0022841
:109D10007ED1E6E0012080032840002809D00DAA6A
:109D200033216068FCF78BFB0646002E01D03046DD
:109D3000A5E71C980C906846808E002802DD002064
:109D400015901BE0207A80210840002802D1E07A9B
:109D5000119001E000201190012015901198002829
:109D600004D010A8808A401C81B21591607A002826
:109D700004D010A8808A401C81B215912807000FDA
:109D8000012804D1207A80210843207203E0207A40
:109D90004006400E20726846818E10A8808A0918FD
:109DA0000C9809180A9881420EDD01201090207A43
:109DB0008021084320726946898E0A98401A10A9AA
:109DC000898A401A80B20C900120C00328400028E4
:109DD00010D06846818E10A8808A09180C9809183E
:109DE0006846008F814205DB01201090207A802197
:109DF0000843207210A8808A00282DDD15AA16AB12
:109E0000207A80210840C009217C0293039200E05F
:109E10008FE000910190237BA17A607A0590119ADE
:109E2000FFF743FE0646002E01D0304627E700200C
:109E3000009001906068059010A8838A16AA0121FD
:109E4000C9030598FCF7BAFA0646002E01D0304641
:109E500015E70120800305431098002811D1012047
:109E6000C003284000280CD00020009001908348B7
:109E700028400146606805900C9B1B9AFCF79EFAEF
:109E8000FDE66846808E00282ADD00222F216068CA
:109E9000FFF7CDF90646002E01D03046EFE609AABD
:109EA00034216068FCF7CBFA0646002E01D030461C
:109EB000E5E61098002803D12807000F01280FD1EC
:109EC0006846818C10200143099169468A8C3421AF
:109ED0006068FFF7ACF90646002E01D03046CEE6AA
:109EE0002AE015A816A900910190227CA17A607A37
:109EF00001230590FFF700FE0646002E01D03046F4
:109F0000BDE60020009001906068059010A8838A4B
:109F100016AA0121C9030598FCF750FA0646002E3F
:109F200001D03046ABE601208003054300200C90B1
:109F300002E050485E30A2E600BF22990C986A46C3
:109F400083C26904490C20461B9B089A00F0EEF975
:109F500018901898C0B204280AD12807000F0328C7
:109F600006D101201790207C01214840207404E094
:109F70001898002801D0189881E6207A40210840DE
:109F800000282CD00898401CC0B208906846808EEB
:109F900000281FDD00222F216068FFF748F90646E0
:109FA000002E01D030466AE669468A8C342160680A
:109FB000FFF73DF90646002E01D030465FE66946C0
:109FC0008A8E33216068FFF732F90646002E01D0F1
:109FD000304654E6207ABF210840207222E000205B
:109FE0000890207A81280FD10C991C98884202DAB7
:109FF00020485E3043E60C991B9840181B900C9942
:10A000001C98401A80B21C901C9800280AD101208C
:10A01000C0032840002803D12807000F012801D1E0
:10A0200000202CE6207A0007000F022800D066E608
:10A030000120139022980068007808210840002829
:10A0400003D01398401C80B21390229800680078C7
:10A0500004210840002803D01398401C80B21390BC
:10A060000020129000BF207A0007000F022807E0AE
:10A07000FC3F00002106000016B80108F0FF0000B8
:10A0800001D05448FBE5207A8021084000287AD08E
:10A090001798002830D11298002806D1E07A0028BD
:10A0A00003D01398401E80B2139022983B88026818
:10A0B0001398181A111814A8139AF6F73FF839884C
:10A0C0001398081A80B212902807000F032813D0A3
:10A0D00039880B9808186946898F88420CDD2298C8
:10A0E0000168139809182298016039881398081A92
:10A0F000388038480E38C2E560683021129AFFF780
:10A1000096F80646002E01D03046B8E515A816A9E7
:10A1100000910190227CA17A607A01230590FFF7DB
:10A12000EBFC0646002E01D03046A8E510A9898A2E
:10A13000229816AB0022029700910190114620460A
:10A1400000F0F4F818901898C0B204280CD1280731
:10A15000000F032808D10020129001201790207CC6
:10A160000121484020742FE01898002802D0189848
:10A1700085E508E022990A681299501814A9139AE3
:10A18000F5F7DCFF20E01798002816D11298002878
:10A1900006DDE07A002803D01398401C80B21390AB
:10A1A0002298016813980918229801603988139839
:10A1B000081A38800020189004E0002038800548F4
:10A1C0007B3818900F202072207A0F2800D04AE7A1
:10A1D000189854E57F060000F0B50546059C2078E8
:10A1E00022273840022801D01D48F0BD0126002D4D
:10A1F00001D0701C86B2002A01D0701C86B206986D
:10A20000B04201DA1648F0E7002D09D0207808277F
:10A210003840002804D060780007000F884208D03A
:10A22000002D04D1207808273840002801D00C48A0
:10A23000DBE7002A08D0207804273840002803D024
:10A24000701E205C984208D0002A04D12078042790
:10A250003840002801D00248C7E70020C5E70000C9
:10A260000606000070B504460D46107826263040DC
:10A27000222801D0104870BD0121002C01D0481CBB
:10A2800081B28B4201D00C48F5E7002C09D0107840
:10A2900008263040002804D050780007000FA8425C
:10A2A00008D0002C04D1107808263040002801D0B6
:10A2B0000148E0E70020DEE70606000070B504462E
:10A2C0000D4610788007800F022801D0164870BD17
:10A2D0000121002C01D0481C81B21078302630407A
:10A2E000302801D1012000E00020002801D0481CC6
:10A2F00081B28B4201D00C48E9E7002C09D01078DC
:10A3000008263040002804D050780007000FA842EB
:10A3100008D0002C04D1107808263040002801D045
:10A320000148D4E70020D2E706060000FFB58DB053
:10A330000446002500200790049003900121C903E2
:10A340000E980840002802D0FD4811B0F0BDFD492C
:10A350000E9808400E900020089000BF0798002833
:10A360004EDD04AA0D216068FCF769F80546E8B2E5
:10A3700022280CD104AA0E216068FCF760F806467A
:10A38000002E01D03046E0E70120039005E0002DCB
:10A3900001D02846D9E700200390617B0120884046
:10A3A000FF212F31484307994843059005983C30D9
:10A3B0000590E5490598884201D908460590E1498C
:10A3C0000F310598884210D97D21C9000598F5F70D
:10A3D0008BFE80B2029060680E21029AFEF727FF82
:10A3E0000646002E0CD03046AFE705998AB20D2103
:10A3F0006068FEF71CFF0646002E01D03046A4E739
:10A4000018991798019100906068029010A8038B2A
:10A41000109A0E990298FBF7D1FF054600200E9086
:10A42000002116910798002818DD039800280AD10A
:10A4300069460A8A0D216068FEF7F9FE0646002E7D
:10A440000CD0304681E769460A8A0E216068FEF723
:10A45000EEFE0646002E01D0304676E7E8B201282F
:10A4600008D0E8B2022805D0E8B2052802D0E8B248
:10A47000032801D1012000E000200990099800285C
:10A4800016D1E8B272280FD100211898018000225D
:10A4900030216068FEF7CBFE0646002E01D0304624
:10A4A00053E7A748793850E7002D01D028464CE7FC
:10A4B000002007900998002873D1012008900AAA6B
:10A4C00030216068FBF7BBFF0646002E01D0304606
:10A4D0003BE7179801686846008D0F1818980188A7
:10A4E0006846008D081A80B20B903878C021084069
:10A4F000002801D1012000E0002000284AD0207A65
:10A50000812802D101200990CBE0E07A002807D011
:10A51000207A80210840002802D10120069001E025
:10A52000002006900B9800970190237BA17A607A17
:10A530000290069AFFF750FE0546E8B2002826D1A1
:10A540003878C007C00F217C4840002801D1012085
:10A5500000E0002000281AD0207A0007000F012810
:10A5600001D102202072207C0121484020743878DB
:10A57000102108400009002804D0207A80210843D7
:10A5800020728EE0207A4006400E207289E0012081
:10A59000099086E03878C0210840802802D1012047
:10A5A00001E08EE00020002836D038780109012033
:10A5B0008843002830D0A17A607A02903A460B9BFB
:10A5C000FFF750FE0546E8B2002802D001200990AE
:10A5D00067E03878C007C00F217C4840002801D1CF
:10A5E000012000E0002000280AD0207A812804D130
:10A5F000207C01214840207453E00120099050E064
:10A60000617C0F98814202DC0120099049E0207AA8
:10A6100040210843207244E03878C0210840C02817
:10A6200001D1012000E00020002838D03878302106
:10A630000840302801D1012000E0002000282ED061
:10A64000A17A607A02903A460B9BFFF737FE0546E7
:10A65000E8B2002820D10B98401E385C079007987C
:10A660008006800E07900798002802D007983B28A4
:10A6700002DD334D793D70E016A80CA900910190E0
:10A68000A17A607A02900122079BFFF750FA0646F2
:10A69000002E06D0304658E60120099001E0012046
:10A6A00009900998002809D0607C002803DD204625
:10A6B000FFF75EFA0646224D793D4EE000200F90EE
:10A6C00044E00F98401CC0B20F90617C0F9881420B
:10A6D00022DB207A82280FD116A80CA900910190C4
:10A6E000227CA17A607A01230290FFF705FA0646E0
:10A6F000002E2BD0304628E616A80CA90091019018
:10A70000227CA17A607A00230290FFF7F5F90646D1
:10A71000002E1BD0304618E6607C00280EDD607CE1
:10A720000F90002060742046FFF722FA06460F982B
:10A7300060740898002801D00D25ED010DE000009F
:10A740007F060000F0FF000008844B000CA810906A
:10A7500010A8008B002800D000E600BF00223021A6
:10A760006068FEF764FD0646002E01D03046ECE539
:10A770002846EAE5FFB585B00446109F0F9E208865
:10A78000FF210902084005214902884203D05120D7
:10A79000400109B0F0BD207801280ED1119912981E
:10A7A00002970196039104900E980090204606A906
:10A7B0000EC900F0CBF8054602E051256D0100BF3F
:10A7C00000BF2846E5E7FFB583B004460E460C9F60
:10A7D0002088FF210902084005214902884203D050
:10A7E0005120400107B0F0BD207801280AD10D9812
:10A7F0000097019031462046069B059A00F0BCF96F
:10A80000054602E051256D0100BF00BF2846E9E77B
:10A81000F8B504460E4617462088FF210902084075
:10A8200005214902884202D051204001F8BD20781C
:10A83000012806D13A463146204600F041FA054645
:10A8400002E051256D0100BF00BF2846EEE7F8B5D4
:10A8500004460E4617462088FF21090208400521BC
:10A860004902884202D051204001F8BD20780128D9
:10A8700006D13A463146204600F056FA054602E037
:10A8800051256D0100BF00BF2846EEE770B50446B4
:10A890002088FF210902084005214902884202D090
:10A8A0005120400170BD2078012804D1204600F0DD
:10A8B000F1FB054602E051256D0100BF00BF2846AF
:10A8C000F0E7FFB583B004460D9F0C9E2088FF2162
:10A8D0000902084005214902884203D05120400165
:10A8E00007B0F0BD207801280AD10E980197009694
:10A8F0000290204604A90EC900F006FC054602E0BD
:10A9000051256D0100BF00BF2846E9E7F8B50446B0
:10A910000E4617462088FF210902084005214902FA
:10A92000884202D051204001F8BD2078012806D18C
:10A930003A463146204600F013FD054602E0512517
:10A940006D0100BF00BF2846EEE70000FFB58BB0E9
:10A95000169F159C0C98002805D00C98012802D051
:10A9600083480FB0F0BD0021189801701798019727
:10A9700000940290149B0E9A0D990B9800F000FA27
:10A980000546E8B2212801D17948EAE72046E117D7
:10A99000490F0918C910C900611A02D0E110491CF9
:10A9A00000E0E110069100200790089007A8069AA1
:10A9B0001499F5F7C3FB20210D98084000286AD1AF
:10A9C000002664E0E8B201284BD0022802D0032818
:10A9D00057D100BF0121189801702046E117490F97
:10A9E0000918C910C900611ACAB205926946087DE2
:10A9F000002803D1E01007A90E5423E0E01007A9B6
:10AA0000085C6946097D0822521AFF21114108405D
:10AA1000E11007AA5054E01007A9095C6846027DBE
:10AA200030469040C0B20143E01007AA1154684676
:10AA3000007D042806DD6846017D30460841E110AE
:10AA4000491C5054201DC4B20026179807AB01972B
:10AA5000009402900E9A0D990B9800F091F905461A
:10AA600011E0701CC6B203A804A905AA00920191C6
:10AA700002903A460021179B0B9800F045FB0546D3
:10AA800001E028466DE700BF0F2E00D102E0E8B2DA
:10AA9000002897D145E00120099040E0E8B2002865
:10AAA00006D0012806D0022821D0032827D11DE096
:10AAB000402426E00998002801D0284651E7601E6E
:10AAC000C117490F0918C910C900421A0121914044
:10AAD000C9B2621E1206D20E07AB9A5C5140621ECA
:10AAE0001206D20E9954012009900AE000BF0121FC
:10AAF00018980170601CC4B20020099001E028463B
:10AB00002FE700BF402C0AD2179807AB019700949B
:10AB100002900E9A0D990B9800F032F90546402CE0
:10AB2000BCD3E8B2002807D00B98807ABF21084038
:10AB30000B998872284614E70C98C007C00F0028AC
:10AB400008D00B98FFF7A2FE0A900A98002801D0BF
:10AB50000A9806E7074A02210B98FFF7D7FE0A90EA
:10AB60000A98002801D00A98FBE60020F9E60000C8
:10AB7000210A0000204E0000FFB589B004461746A8
:10AB8000139E129DA07A0421084000280AD1A07AC1
:10AB900020210840002805D0E07C402802D047480A
:10ABA0000DB0F0BD002D00D104AD002E00D105AEDA
:10ABB000012189030A980840002848D1A17A6846F3
:10ABC0000177397841770220069038789F2809DD8F
:10ABD0003878E02806DA0420694688770698401C11
:10ABE00080B20690019600956068039007AA012143
:10ABF000C903069BFBF7E2FB08900898002801D0E8
:10AC00000898CDE77F1C0C98401E80B20C90A07A6B
:10AC100004210840002815D1A07A202108400028EE
:10AC200010D0019600956068082322460B3203215C
:10AC300089030390FBF7C2FB08900898002801D015
:10AC40000898ADE7012189030A9808430A90019604
:10AC50000095606803903A460C9B0A99FBF7AEFB9F
:10AC600008900898002801D0089899E70121C903A5
:10AC70000A98084000281FD13088002802D10F48C8
:10AC80001F388DE728680078C007C00F00280DD056
:10AC90003088022801D00C2082E728684078208183
:10ACA0000020286030801520C00179E72868401C0A
:10ACB00028603088401E3080002071E7250A00009F
:10ACC000F8B504460F461546002F06D0012F07D0D1
:10ACD000022F08D0032F1FD113E0A07A28801DE097
:10ACE000208928801AE02A460D216068FBF7A7FB1F
:10ACF0000646002E01D03046F8BD28883C38288012
:10AD00000CE02A460E216068FBF799FB0646002EF0
:10AD100001D03046F0E701E00248EDE700BF002037
:10AD2000EAE70000230A000070B504460E46154607
:10AD3000E07C402803D000202870064870BD08221F
:10AD400021460B313046F5F7F9F90820287000202C
:10AD5000F4E70000250A00000346142902D0512020
:10AD600040017047054818805A6000201881022071
:10AD700098720020D87400BFF3E70000010A0000B9
:10AD8000FFB58BB005460E461F4609AA0AAB1699B9
:10AD9000159805930792049106900021149802914A
:10ADA0000097039101903246012128460D9B00F047
:10ADB00013F80446002C02D020460FB0F0BDFF224D
:10ADC000373200216868FEF751FA0446002C01D0A2
:10ADD0002046F2E70020F0E7FFB58DB004461B9F48
:10ADE000179D00260020E074387000211D98018016
:10ADF00020210F980840002801D0402D06DC20219A
:10AE00000F980840002804D13C2D02DDA04811B065
:10AE1000F0BD0E9801280FD01998002801D19C4848
:10AE2000F5E71998401E80B21990199918984018A2
:10AE3000FF2801DD9648EAE73146721CD6B207AA20
:10AE40000E985054002120460F9AFFF75FFD0B909B
:10AE50000B98002801D00B98D9E70E98A12802D0B2
:10AE60000E98B1281AD102210F98084000280AD064
:10AE70000F220A216068FEF7DAF90B900B98002880
:10AE80000CD00B98C3E70E220A216068FEF7CFF9B9
:10AE90000B900B98002801D00B98B8E710210F9861
:10AEA0000840002805D03146721CD6B207AA109877
:10AEB00050543046711CCEB207A90D542846E917EC
:10AEC000490F0918C910C900691A02D0E910491CB4
:10AED00000E0E910069120460B30069A1699F5F726
:10AEE0002DF9E57407A98819069A1699F5F726F938
:10AEF00006997018C6B26807400F00280CD0701E63
:10AF000007A9085C6907490F0822521AFF2111415D
:10AF10000840711E07AA50540E9801280CD03146E3
:10AF2000721CD6B207AA189850541998C2B230466B
:10AF3000711CCEB207A90A54FF22453202212046D5
:10AF4000FFF7E4FC0B900B98002801D00B985EE70C
:10AF5000A07A04210843A07204A805A9334607AAD1
:10AF60000091019000212046FFF72DFC0C90A07A63
:10AF7000CB210840A0720C98002801D00C9846E71D
:10AF80000E9801281FD16846008A092802D040483F
:10AF90001B383CE7059801781C98017001211D9829
:10AFA000018008220599491C20460B30F5F7C6F8A8
:10AFB0004020E074082221460B311A98F5F7BEF8BC
:10AFC000082038705AE040210F98084000284BD0E4
:10AFD000E07CC010039008210398081A3870387874
:10AFE000801C6946098A884202DD29481B380EE721
:10AFF000039808282ED23A7805991A98F5F79EF802
:10B000002846E917490F0918C910C900691A19D04B
:10B01000039807280ADA39784A1E23460B33039926
:10B02000491C58180599491CF5F788F820460B303B
:10B030000399405C05990978084321460B31039A2E
:10B04000885407E03A7821460B31039BC8180599CC
:10B05000F5F774F8397805984018059039786846FE
:10B06000008A401A81B204916846028A05991C98A8
:10B07000F5F764F86846018A1D980180A07ABF211F
:10B080000840A072A07A20210843A0720020BEE6EA
:10B09000210A000030B585B00446A07AEF210840AF
:10B0A000A072A07A20210843A07225200490FF22DC
:10B0B000453202212046FFF729FC0546002D02D02B
:10B0C000284605B030BD02A803A9012304AA0091B7
:10B0D000019000212046FFF776FB0546002D01D0A8
:10B0E0002846EEE768460089002801D00548E8E7D1
:10B0F000A07ADF210840A072A07A10210843A07234
:10B100000020DEE7060A0000FFB587B00446109D68
:10B110000898002806D0012805D0022804D003286A
:10B1200004D102E000BF00BF00BF02E089480BB0BD
:10B13000F0BD00BF0021099801700020287012980E
:10B1400001800898032808D1834A6068FEF78EF8CA
:10B150000646002E01D03046E9E7804A022120460B
:10B16000FFF7D4FB0646002E01D03046DFE7002271
:10B1700015216068FEF75BF80646002E01D03046C8
:10B18000D5E704A805A900910190606800231A463C
:10B1900019460390FBF712F9069005221521606805
:10B1A000FEF745F80646002E01D03046BFE7069868
:10B1B000002801D00698BAE76846008A002802D124
:10B1C00064481B38B3E705980078C007C00F002813
:10B1D0000CD06846008A022802D05E481B38A6E7D9
:10B1E0000598407820811520C001A0E70898002824
:10B1F00033D10598401C05906846008A401E81B2F4
:10B2000004916846008A092802D052481B388EE70C
:10B21000FF22373200216068FEF728F80646002E2C
:10B2200001D0304683E7059801780998017008221B
:10B230000599491C20460B30F4F780FF4020E0744C
:10B2400008220599491C0A98F4F778FF082028700D
:10B25000A07A20210843A07279E0089801286FD1D4
:10B260000598401C05906846008A401E81B20491F2
:10B27000A07A40210840002844D0E07CC710082074
:10B28000C01B287028786946098A884202DD314847
:10B290001B384CE7082F29D2E07CC117490F091849
:10B2A000C910C900411A15D0072F09DA29784A1E9A
:10B2B00021460B317B1CC8180599491CF4F73EFF49
:10B2C00020460B30C05D05990978084321460B31B3
:10B2D000C85506E02A7821460B31C8190599F4F7BC
:10B2E0002DFF2A7805990A98F4F728FF4020E0748A
:10B2F000297805984018059029786846008A401AF0
:10B3000081B204916846028A05991198F4F716FFF4
:10B310006846018A12980180A07ABF210840A07275
:10B32000A07A20210843A072FF22373200216068F2
:10B33000FDF79CFF0646002E09D03046F7E6FFE7F2
:10B340006846008A012802D002481B38EFE6002038
:10B35000EDE60000210A0000204E00007A02000005
:10B36000F8B504460F461646002F04D0022F5CD0D5
:10B37000032F75D176E06A460F216068FBF75FF80E
:10B380000546002D01D02846F8BDF007C00F002863
:10B390000DD068460088012817D001220F2160686F
:10B3A000FDF745FF0546002D0FD02846ECE768461F
:10B3B0000088002809D000220F216068FDF737FFC0
:10B3C0000546002D01D02846DEE76A460A2160685E
:10B3D000FBF735F80546002D01D02846D4E70220BA
:10B3E000304000280DD0684600880D2817D00D2267
:10B3F0000A216068FDF71BFF0546002D0FD0284687
:10B40000C2E7684600880C2809D00C220A2160682F
:10B41000FDF70DFF0546002D01D02846B4E7A672C2
:10B42000A07AFB210840A07237E030463C3086B25B
:10B430006A460D216068FBF702F80546002D01D031
:10B440002846A1E76846008886420AD032460D2188
:10B450006068FDF7ECFE0546002D02D0284693E714
:10B4600019E01AE06A460E216068FAF7E8FF05461F
:10B47000002D01D0284687E768460088864209D01B
:10B4800032460E216068FDF7D2FE0546002D01D040
:10B49000284679E701E0024876E700BF002073E71D
:10B4A000230A0000081C3044586C80000001000092
:10B4B000000000000000000000010000000000008B
:10B4C00000000000081C3044586C8000000100009F
:10B4D000000000000000000000010000000000006B
:10B4E0000000000000030000000000000000000059
:10B4F0000000000000000000081C3044586C800070
:10B50000010002000400060008000A000C00100000
:10B510002000400080000001081C3044586C80016D
:10B5200001010307010000080402040801010100F1
:10B53000081C3044586C800000000000000000002F
:10B5400000000000000000000000000000000000FB
:10B5500000000000000000000100000002000000E8
:10B5600003000000040000000600000007000000C7
:10B5700008000000090000000000000000000000BA
:10B5800000000000000000000100000002000000B8
:10B5900003000000040000000000010001000000A2
:10B5A000020000000600080007005100090000002A
:10B5B0000A0000000D0096000E0000000C000100C3
:10B5C0000000000001000100020001000600080068
:10B5D00007005500090000000A0000000D00960059
:10B5E0000E0000000B0011000C0000000000000025
:10B5F0000100010002000100060003000700000036
:10B60000090001000A0001000D0096000E00000074
:10B610000B0017000C0000000000000001000100FA
:10B6200002000100060003000700000009000B00F3
:10B630000A000D000F0000000D0096000E00000033
:10B640000B0010000C0001000000000001000000D1
:10B65000020000000600060007002E01090010008D
:10B660000A0010000D0096000E0000000B001000F4
:10B670000C000000000000000100010002000100B9
:10B680000600010007000000090011000A00120076
:10B690000F0001000D0096000E0000000B001000CE
:10B6A0000C00000000000100010001000200010088
:10B6B0000600030007005100090000000A00000016
:10B6C0000D0096000E0000000B0017000C0001009A
:10B6D00028292A2B2C2D2E2F303133353738398E0F
:10B6E00015110A18180F2700C0CF043F120A8E1236
:10B6F000110A18180F1000C0CF053F12028E121148
:10B700000A18180F0800C0CF063F120A8FDB110A73
:10B7100018180F0200C0CF073F12028F11010A7BD9
:10B720007B0800000F05343F120A8F11010A7B7B52
:10B730000800000105353F12028F11010A7B7B08CA
:10B7400000000105363F12098F11010A7B7B0800BA
:10B75000000105373F12028F17010A09090800038B
:10B760008001053F12028F17010A090908000380B2
:10B7700001063F12028F10010A7B7B080000880F30
:10B78000024412068F10010A7B7B080000880F0319
:10B790004412068F10010A747B180000500F034EEC
:10B7A00012068F10010A119109000080010436125F
:10B7B0000A8F10010A119109000080010336120A54
:10B7C0008F10010A119109000080010536120A8FBD
:10B7D00010010A119109000080010436120A1100BB
:10B7E00031002D002A0000000000000000000000D1
:10B7F0004201A50000000000C100000059003D000A
:10B800000000000000004B0079000B002F00110029
:10B810004201A500000010001800200028003000A0
:10B820004000600080000001081C3044586C80001B
:10B830000003000000000000000000000000000005
:10B840000000000064B8010800000020A80000000B
:10B85000665E01080CB90108A80000204818000025
:10B86000765E0108030000000000000000000000F8
:10B8700000000000000000000000000000000000C8
:10B8800000000000000000000000000000000000B8
:10B8900000000000000000000000000000000000A8
:10B8A0000001000000000000000000000000000097
:10B8B0000000000000000000000000000000000088
:10B8C000000000000C00000000000000000000006C
:10B8D000000000005B0000200800000000000000E5
:10B8E000000000007A00002000AA5512233445AD64
:10B8F00055AA000000000000040000000100000044
:0CB900000024F400000000000000000023
:04000005080100B935
:00000001FF
